<?xml version="1.0" encoding="UTF-8"?>
<!DOCTYPE mapper PUBLIC "-//mybatis.org//DTD Mapper 3.0//EN" "http://mybatis.org/dtd/mybatis-3-mapper.dtd">
<mapper namespace="com.okay.oa.mapper.OaSendDocumentMapper">
  <resultMap id="BaseResultMap" type="com.okay.oa.entity.OaSendDocument">
    <!--@mbg.generated-->
    <!--@Table oa_send_document-->
    <id column="id" jdbcType="VARCHAR" property="id" />
    <result column="status" jdbcType="INTEGER" property="status" />
    <result column="applicant" jdbcType="VARCHAR" property="applicant" />
    <result column="department" jdbcType="VARCHAR" property="department" />
    <result column="application_time" jdbcType="TIMESTAMP" property="applicationTime" />
    <result column="phone" jdbcType="BIGINT" property="phone" />
    <result column="document_titles" jdbcType="VARCHAR" property="documentTitles" />
    <result column="document_category" jdbcType="VARCHAR" property="documentCategory" />
    <result column="document_submit_date" jdbcType="TIMESTAMP" property="documentSubmitDate" />
    <result column="circulate_department" jdbcType="INTEGER" property="circulateDepartment" />
    <result column="remark" jdbcType="VARCHAR" property="remark" />
    <result column="create_time" jdbcType="TIMESTAMP" property="createTime" />
    <result column="creator" jdbcType="VARCHAR" property="creator" />
    <result column="edit_time" jdbcType="TIMESTAMP" property="editTime" />
    <result column="editor" jdbcType="VARCHAR" property="editor" />
  </resultMap>
  <sql id="Base_Column_List">
    <!--@mbg.generated-->
    id, `status`, applicant, department, application_time, phone, document_titles, document_category, 
    document_submit_date, circulate_department, remark, create_time, creator, edit_time, 
    editor
  </sql>
</mapper>