<application>
  <component name="UpdatesConfigurable">
    <option name="LAST_BUILD_CHECKED" value="IU-212.5284.40" />
    <option name="LAST_TIME_CHECKED" value="1654050569764" />
    <pluginHosts>
      <item value="https://repo.idechajian.com" />
      <item value="https://plugins.zhile.io" />
      <item value="http://cloud-static.test.seewo.com/idea.test.seewo.com/updatePlugins.xml" />
    </pluginHosts>
    <option name="THIRD_PARTY_PLUGINS_ALLOWED" value="true" />
  </component>
</application>