<application>
  <component name="AppStorage">
    <option name="newTranslationDialogWidth" value="596" />
    <option name="newTranslationDialogX" value="688" />
    <option name="newTranslationDialogY" value="444" />
    <histories>
      <item value="Registers a new virtual-machine shutdown hook. &lt;p&gt; The Java virtual machine &lt;i&gt;shuts down&lt;i&gt; in response to two kinds of events: &lt;ul&gt; &lt;li&gt; The program &lt;i&gt;exits&lt;i&gt; normally, when the last non-daemon thread exits or when the &lt;tt&gt;{@link exit exit}&lt;tt&gt; (equivalently, {@link Systemexit(int) System.exit}) method is invoked, or &lt;li&gt; The virtual machine is &lt;i&gt;terminated&lt;i&gt; in response to a user interrupt, such as typing &lt;tt&gt;^C&lt;tt&gt;, or a system-wide event, such as user logoff or system shutdown. &lt;ul&gt; &lt;p&gt; A &lt;i&gt;shutdown hook&lt;i&gt; is simply an initialized but unstarted thread. When the virtual machine begins its shutdown sequence it will start all registered shutdown hooks in some unspecified order and let them run concurrently. When all the hooks have finished it will then run all uninvoked finalizers if finalization-on-exit has been enabled. Finally, the virtual machine will halt. Note that daemon threads will continue to run during the shutdown sequence, as will non-daemon threads if shutdown was initiated by invoking the &lt;tt&gt;{@link exit exit}&lt;tt&gt; method. &lt;p&gt; Once the shutdown sequence has begun it can be stopped only by invoking the &lt;tt&gt;{@link halt halt}&lt;tt&gt; method, which forcibly terminates the virtual machine. &lt;p&gt; Once the shutdown sequence has begun it is impossible to register a new shutdown hook or de-register a previously-registered hook. Attempting either of these operations will cause an &lt;tt&gt;{@link IllegalStateException}&lt;tt&gt; to be thrown. &lt;p&gt; Shutdown hooks run at a delicate time in the life cycle of a virtual machine and should therefore be coded defensively. They should, in particular, be written to be thread-safe and to avoid deadlocks insofar as possible. They should also not rely blindly upon services that may have registered their own shutdown hooks and therefore may themselves in the process of shutting down. Attempts to use other thread-based services such as the AWT event-dispatch thread, for example, may lead to deadlocks. &lt;p&gt; Shutdown hooks should also finish their work quickly. When a program invokes &lt;tt&gt;{@link exit exit}&lt;tt&gt; the expectation is that the virtual machine will promptly shut down and exit. When the virtual machine is terminated due to user logoff or system shutdown the underlying operating system may only allow a fixed amount of time in which to shut down and exit. It is therefore inadvisable to attempt any user interaction or to perform a long-running computation in a shutdown hook. &lt;p&gt; Uncaught exceptions are handled in shutdown hooks just as in any other thread, by invoking the &lt;tt&gt;{@link ThreadGroupuncaughtException uncaughtException}&lt;tt&gt; method of the thread's &lt;tt&gt;{@link ThreadGroup}&lt;tt&gt; object. The default implementation of this method prints the exception's stack trace to &lt;tt&gt;{@link Systemerr}&lt;tt&gt; and terminates the thread; it does not cause the virtual machine to exit or halt. &lt;p&gt; In rare circumstances the virtual machine may &lt;i&gt;abort&lt;i&gt;, that is, stop running without shutting down cleanly. This occurs when the virtual machine is terminated externally, for example with the &lt;tt&gt;SIGKILL&lt;tt&gt; signal on Unix or the &lt;tt&gt;TerminateProcess&lt;tt&gt; call on Microsoft Windows. The virtual machine may also abort if a native method goes awry by, for example, corrupting internal data structures or attempting to access nonexistent memory. If the virtual machine aborts then no guarantee can be made about whether or not any shutdown hooks will be run. &lt;p&gt;" />
      <item value="Return the exit code of the ffmpeg process If the process is not yet terminated, it waits for the termination of the process @return process exit code" />
      <item value="Executes the ffmpeg process with the previous given arguments. @param destroyOnRuntimeShutdown destroy process if the runtime VM is shutdown @param openIOStreams Open IO streams for inputoutput and errorout, should be false when destroyOnRuntimeShutdown is false too @param ffmpegCmd windows such as (mp4 transform to mov): &quot; -i C:\\Users\\hsj\\AppData\\Local\\Temp\\jave\\honer.mp4 -c copy C:\\Users\\hsj\\AppData\\Local\\Temp\\jave\\honer_test.mov &quot; @throws IOException If the process call fails." />
      <item value="Returns a new String composed of copies of the {@code CharSequence elements} joined together with a copy of the specified {@code delimiter}. &lt;blockquote&gt;For example, &lt;pre&gt;{@code String message = String.join(&quot;-&quot;, &quot;Java&quot;, &quot;is&quot;, &quot;cool&quot;); message returned is: &quot;Java-is-cool&quot; }&lt;pre&gt;&lt;blockquote&gt; Note that if an element is null, then {@code &quot;null&quot;} is added. @param delimiter the delimiter that separates each element @param elements the elements to join together. @return a new {@code String} that is composed of the {@code elements} separated by the {@code delimiter} @throws NullPointerException If {@code delimiter} or {@code elements} is {@code null} @see java.util.StringJoiner @since 1.8" />
      <item value="打卡&#10;&#10;" />
      <item value="打卡&#10;" />
      <item value="打卡" />
      <item value="a" />
      <item value="offset Day" />
      <item value="calculation Attendance Statistics" />
      <item value="fixed 0 of 118 vulnerabilities in 1928 scanned packages&#10;  5 vulnerabilities required manual review and could not be updated&#10;  16 package updates for 113 vulnerabilities involved breaking changes&#10;  (use `npm audit fix --force` to install breaking changes; or refer to `npm audit` for steps to fix these manually)&#10;&#10;" />
      <item value="fixed 0 of 118 vulnerabilities in 1928 scanned packages&#10;  5 vulnerabilities required manual review and could not be updated&#10;  16 package updates for 113 vulnerabilities involved breaking changes&#10;  (use `npm audit fix --force` to install breaking changes; or refer to `npm audit` for steps to fix these manually)&#10;" />
    </histories>
    <option name="languageScores">
      <map>
        <entry key="CHINESE" value="3" />
        <entry key="ENGLISH" value="3" />
      </map>
    </option>
  </component>
  <component name="Cache">
    <option name="lastTrimTime" value="1643095581258" />
  </component>
</application>