<?xml version="1.0" encoding="UTF-8" ?>
<!DOCTYPE mapper PUBLIC "-//mybatis.org//DTD Mapper 3.0//EN" "http://mybatis.org/dtd/mybatis-3-mapper.dtd" >
<mapper namespace="com.okay.framework.mapper.CustomObjectMapper" >
  <resultMap id="BaseResultMap" type="com.okay.framework.entity.CustomObject" >
    <id column="objId" property="objId" jdbcType="VARCHAR" />
    <result column="objName" property="objName" jdbcType="VARCHAR" />
    <result column="objSys" property="objSys" jdbcType="VARCHAR" />
    <result column="seqNo" property="seqNo" jdbcType="INTEGER" />
    <result column="parentId" property="parentId" jdbcType="VARCHAR" />
  </resultMap>
  <sql id="Base_Column_List" >
    objId, objName, objSys, seqNo, parentId
  </sql>
  <select id="selectByPrimaryKey" resultMap="BaseResultMap" parameterType="java.lang.String" >
    select 
    <include refid="Base_Column_List" />
    from sys_definedobj
    where objId = #{objId,jdbcType=VARCHAR}
  </select>
  <delete id="deleteByPrimaryKey" parameterType="java.lang.String" >
    delete from sys_definedobj
    where objId = #{objId,jdbcType=VARCHAR}
  </delete>
  <insert id="insert" parameterType="com.okay.framework.entity.CustomObject" >
    insert into sys_definedobj (objId, objName, objSys, seqNo, parentId
      )
    values (#{objId,jdbcType=VARCHAR}, #{objName,jdbcType=VARCHAR}, #{objSys,jdbcType=VARCHAR}
        , #{seqNo,jdbcType=INTEGER}, #{parentId,jdbcType=VARCHAR}
      )
  </insert>
  <insert id="insertSelective" parameterType="com.okay.framework.entity.CustomObject" >
    insert into sys_definedobj
    <trim prefix="(" suffix=")" suffixOverrides="," >
      <if test="objId != null" >
        objId,
      </if>
      <if test="objName != null" >
        objName,
      </if>
      <if test="objSys != null" >
        objSys,
      </if>
      <if test="seqNo != null" >
        seqNo,
      </if>
      <if test="parentId != null" >
        parentId,
      </if>
    </trim>
    <trim prefix="values (" suffix=")" suffixOverrides="," >
      <if test="objId != null" >
        #{objId,jdbcType=VARCHAR},
      </if>
      <if test="objName != null" >
        #{objName,jdbcType=VARCHAR},
      </if>
      <if test="objSys != null" >
        #{objSys,jdbcType=VARCHAR},
      </if>
      <if test="seqnO != null" >
        #{seqnO,jdbcType=INTEGER},
      </if>
      <if test="parentId != null" >
        #{parentId,jdbcType=VARCHAR},
      </if>
    </trim>
  </insert>
  <update id="updateByPrimaryKeySelective" parameterType="com.okay.framework.entity.CustomObject" >
    update sys_definedobj
    <set >
      <if test="objName != null" >
        objName = #{objName,jdbcType=VARCHAR},
      </if>
      <if test="objSys != null" >
        objSys = #{objSys,jdbcType=VARCHAR},
      </if>
      <if test="seqNo != null" >
        seqNo = #{seqNo,jdbcType=INTEGER},
      </if>
      <if test="parentId != null" >
        parentId = #{parentId,jdbcType=VARCHAR},
      </if>
    </set>
    where objId = #{objId,jdbcType=VARCHAR}
  </update>
  <update id="updateByPrimaryKey" parameterType="com.okay.framework.entity.CustomObject" >
    update sys_definedobj
    set objName = #{objName,jdbcType=VARCHAR},
      objSys = #{objSys,jdbcType=VARCHAR},
      seqNo = #{seqNo,jdbcType=INTEGER},
      parentId = #{parentId,jdbcType=VARCHAR}
    where objId = #{objId,jdbcType=VARCHAR}
  </update>

  <!-- 查询所有定义对象 -->
  <select id="selectAllObject" resultMap="BaseResultMap">
    select
    <include refid="Base_Column_List" />
    from sys_definedobj
  </select>

</mapper>