<?xml version="1.0" encoding="UTF-8"?>
<!DOCTYPE mapper PUBLIC "-//mybatis.org//DTD Mapper 3.0//EN" "http://mybatis.org/dtd/mybatis-3-mapper.dtd">
<mapper namespace="com.okay.framework.mapper.CustomPropertyMapper">
  <resultMap id="BaseResultMap" type="com.okay.framework.entity.CustomProperty">
    <id column="customId" jdbcType="VARCHAR" property="customId" />
    <result column="customObj" jdbcType="VARCHAR" property="customObj" />
    <result column="createTime" jdbcType="TIMESTAMP" property="createTime" />
    <result column="createUser" jdbcType="VARCHAR" property="createUser" />
    <result column="updateTime" jdbcType="TIMESTAMP" property="updateTime" />
    <result column="updateUser" jdbcType="VARCHAR" property="updateUser" />
    <result column="customResourceId" jdbcType="VARCHAR" property="customResourceId" />
  </resultMap>
  <resultMap extends="BaseResultMap" id="ResultMapWithBLOBs" type="com.okay.framework.entity.CustomProperty">
    <result column="attributeObj" jdbcType="LONGVARCHAR" property="attributeObj" />
  </resultMap>
  <sql id="Base_Column_List">
    customId, customObj, createTime, createUser, updateTime, updateUser, customResourceId
  </sql>
  <sql id="Blob_Column_List">
    attributeObj
  </sql>
  <select id="selectByPrimaryKey" parameterType="java.lang.String" resultMap="ResultMapWithBLOBs">
    select 
    <include refid="Base_Column_List" />
    ,
    <include refid="Blob_Column_List" />
    from sys_custom
    where customId = #{customId,jdbcType=VARCHAR}
  </select>
  <delete id="deleteByPrimaryKey" parameterType="java.lang.String">
    delete from sys_custom
    where customId = #{customId,jdbcType=VARCHAR}
  </delete>
  <insert id="insert" parameterType="com.okay.framework.entity.CustomProperty">
    insert into sys_custom (customId, customObj, createTime, 
      createUser, updateTime, updateUser, 
      customResourceId, attributeObj)
    values (#{customId,jdbcType=VARCHAR}, #{customObj,jdbcType=VARCHAR}, #{createTime,jdbcType=TIMESTAMP}, 
      #{createUser,jdbcType=VARCHAR}, #{updateTime,jdbcType=TIMESTAMP}, #{updateUser,jdbcType=VARCHAR}, 
      #{customResourceId,jdbcType=VARCHAR}, #{attributeObj,jdbcType=LONGVARCHAR})
  </insert>
  <insert id="insertSelective" parameterType="com.okay.framework.entity.CustomProperty">
    insert into sys_custom
    <trim prefix="(" suffix=")" suffixOverrides=",">
      <if test="customId != null">
        customId,
      </if>
      <if test="customObj != null">
        customObj,
      </if>
      <if test="createTime != null">
        createTime,
      </if>
      <if test="createUser != null">
        createUser,
      </if>
      <if test="updateTime != null">
        updateTime,
      </if>
      <if test="updateUser != null">
        updateUser,
      </if>
      <if test="customResourceId != null">
        customResourceId,
      </if>
      <if test="attributeObj != null">
        attributeObj,
      </if>
    </trim>
    <trim prefix="values (" suffix=")" suffixOverrides=",">
      <if test="customId != null">
        #{customId,jdbcType=VARCHAR},
      </if>
      <if test="customObj != null">
        #{customObj,jdbcType=VARCHAR},
      </if>
      <if test="createTime != null">
        #{createTime,jdbcType=TIMESTAMP},
      </if>
      <if test="createUser != null">
        #{createUser,jdbcType=VARCHAR},
      </if>
      <if test="updateTime != null">
        #{updateTime,jdbcType=TIMESTAMP},
      </if>
      <if test="updateUser != null">
        #{updateUser,jdbcType=VARCHAR},
      </if>
      <if test="customResourceId != null">
        #{customResourceId,jdbcType=VARCHAR},
      </if>
      <if test="attributeObj != null">
        #{attributeObj,jdbcType=LONGVARCHAR},
      </if>
    </trim>
  </insert>
  <update id="updateByPrimaryKeySelective" parameterType="com.okay.framework.entity.CustomProperty">
    update sys_custom
    <set>
      <if test="customObj != null">
        customObj = #{customObj,jdbcType=VARCHAR},
      </if>
      <if test="createTime != null">
        createTime = #{createTime,jdbcType=TIMESTAMP},
      </if>
      <if test="createUser != null">
        createUser = #{createUser,jdbcType=VARCHAR},
      </if>
      <if test="updateTime != null">
        updateTime = #{updateTime,jdbcType=TIMESTAMP},
      </if>
      <if test="updateUser != null">
        updateUser = #{updateUser,jdbcType=VARCHAR},
      </if>
      <if test="customResourceId != null">
        customResourceId = #{customResourceId,jdbcType=VARCHAR},
      </if>
      <if test="attributeObj != null">
        attributeObj = #{attributeObj,jdbcType=LONGVARCHAR},
      </if>
    </set>
    where customId = #{customId,jdbcType=VARCHAR}
  </update>
  <update id="updateByPrimaryKeyWithBLOBs" parameterType="com.okay.framework.entity.CustomProperty">
    update sys_custom
    set customObj = #{customObj,jdbcType=VARCHAR},
      createTime = #{createTime,jdbcType=TIMESTAMP},
      createUser = #{createUser,jdbcType=VARCHAR},
      updateTime = #{updateTime,jdbcType=TIMESTAMP},
      updateUser = #{updateUser,jdbcType=VARCHAR},
      customResourceId = #{customResourceId,jdbcType=VARCHAR},
      attributeObj = #{attributeObj,jdbcType=LONGVARCHAR}
    where customId = #{customId,jdbcType=VARCHAR}
  </update>
  <update id="updateByPrimaryKey" parameterType="com.okay.framework.entity.CustomProperty">
    update sys_custom
    set customObj = #{customObj,jdbcType=VARCHAR},
      createTime = #{createTime,jdbcType=TIMESTAMP},
      createUser = #{createUser,jdbcType=VARCHAR},
      updateTime = #{updateTime,jdbcType=TIMESTAMP},
      updateUser = #{updateUser,jdbcType=VARCHAR},
      customResourceId = #{customResourceId,jdbcType=VARCHAR}
    where customId = #{customId,jdbcType=VARCHAR}
  </update>

  <!-- 根据自定义对象主键查询 -->
  <select id="selectByCustomResourceId" parameterType="java.lang.String" resultMap="ResultMapWithBLOBs">
    select
    <include refid="Base_Column_List" />
    ,
    <include refid="Blob_Column_List" />
    from sys_custom
    where customResourceId = #{customResourceId,jdbcType=VARCHAR}
  </select>

<!--  根据自定义资源主键更新 -->
  <update id="updateByCustomResourceIdSelective" parameterType="com.okay.framework.entity.CustomProperty">
    update sys_custom
    <set>
      <if test="customObj != null">
        customObj = #{customObj,jdbcType=VARCHAR},
      </if>
      <if test="createTime != null">
        createTime = #{createTime,jdbcType=TIMESTAMP},
      </if>
      <if test="createUser != null">
        createUser = #{createUser,jdbcType=VARCHAR},
      </if>
      <if test="updateTime != null">
        updateTime = #{updateTime,jdbcType=TIMESTAMP},
      </if>
      <if test="updateUser != null">
        updateUser = #{updateUser,jdbcType=VARCHAR},
      </if>
      <if test="attributeObj != null">
        attributeObj = #{attributeObj,jdbcType=LONGVARCHAR},
      </if>
    </set>
    where customResourceId = #{customResourceId,jdbcType=VARCHAR}
  </update>

</mapper>