<?xml version="1.0" encoding="UTF-8"?>
<!DOCTYPE mapper PUBLIC "-//mybatis.org//DTD Mapper 3.0//EN" "http://mybatis.org/dtd/mybatis-3-mapper.dtd">
<mapper namespace="com.okay.framework.mapper.DeptMapper">
  <resultMap id="BaseResultMap" type="com.okay.framework.entity.Dept">
    <id column="deptId" jdbcType="VARCHAR" property="deptId" />
    <result column="deptCode" jdbcType="VARCHAR" property="deptCode" />
    <result column="deptName" jdbcType="VARCHAR" property="deptName" />
    <result column="deptType" jdbcType="INTEGER" property="deptType" />
    <result column="manager" jdbcType="VARCHAR" property="manager" />
    <result column="leader" jdbcType="VARCHAR" property="leader" />
    <result column="status" jdbcType="INTEGER" property="status" />
    <result column="seqNo" jdbcType="INTEGER" property="seqNo" />
    <result column="parentId" jdbcType="VARCHAR" property="parentId" />
    <result column="remark" jdbcType="VARCHAR" property="remark" />
  </resultMap>

  <sql id="Base_Column_List">
    deptId, deptCode, deptName, deptType, manager, leader, status, seqNo, parentId, remark
  </sql>
  <select id="selectByPrimaryKey" parameterType="java.lang.String" resultMap="BaseResultMap">
    select 
    <include refid="Base_Column_List" />
    from v_sys_dept
    where deptId = #{deptId,jdbcType=VARCHAR}
  </select>
  <delete id="deleteByPrimaryKey" parameterType="java.lang.String">
    delete from v_sys_dept
    where deptId = #{deptId,jdbcType=VARCHAR}
  </delete>
  <insert id="insert" parameterType="com.okay.framework.entity.Dept">
    insert into v_sys_dept (deptId, deptCode, deptName,
      deptType, manager, leader, 
      status, seqNo, parentId, 
      remark)
    values (#{deptId,jdbcType=VARCHAR}, #{deptCode,jdbcType=VARCHAR}, #{deptName,jdbcType=VARCHAR}, 
      #{deptType,jdbcType=INTEGER}, #{manager,jdbcType=VARCHAR}, #{leader,jdbcType=VARCHAR}, 
      #{status,jdbcType=INTEGER}, #{seqNo,jdbcType=INTEGER}, #{parentId,jdbcType=VARCHAR}, 
      #{remark,jdbcType=VARCHAR})
  </insert>
  <insert id="insertSelective" parameterType="com.okay.framework.entity.Dept">
    insert into v_sys_dept
    <trim prefix="(" suffix=")" suffixOverrides=",">
      <if test="deptId != null">
        deptId,
      </if>
      <if test="deptCode != null">
        deptCode,
      </if>
      <if test="deptName != null">
        deptName,
      </if>
      <if test="deptType != null">
        deptType,
      </if>
      <if test="manager != null">
        manager,
      </if>
      <if test="leader != null">
        leader,
      </if>
      <if test="status != null">
        status,
      </if>
      <if test="seqNo != null">
        seqNo,
      </if>
      <if test="parentId != null">
        parentId,
      </if>
      <if test="remark != null">
        remark,
      </if>
    </trim>
    <trim prefix="values (" suffix=")" suffixOverrides=",">
      <if test="deptId != null">
        #{deptId,jdbcType=VARCHAR},
      </if>
      <if test="deptCode != null">
        #{deptCode,jdbcType=VARCHAR},
      </if>
      <if test="deptName != null">
        #{deptName,jdbcType=VARCHAR},
      </if>
      <if test="deptType != null">
        #{deptType,jdbcType=INTEGER},
      </if>
      <if test="manager != null">
        #{manager,jdbcType=VARCHAR},
      </if>
      <if test="leader != null">
        #{leader,jdbcType=VARCHAR},
      </if>
      <if test="status != null">
        #{status,jdbcType=INTEGER},
      </if>
      <if test="seqNo != null">
        #{seqNo,jdbcType=INTEGER},
      </if>
      <if test="parentId != null">
        #{parentId,jdbcType=VARCHAR},
      </if>
      <if test="remark != null">
        #{remark,jdbcType=VARCHAR},
      </if>
    </trim>
  </insert>

  <!-- 选择性更新 -->
  <update id="updateByPrimaryKeySelective" parameterType="com.okay.framework.entity.Dept">
    update v_sys_dept
    <set>
      deptCode = #{deptCode,jdbcType=VARCHAR},
      deptName = #{deptName,jdbcType=VARCHAR},
      deptType = #{deptType,jdbcType=INTEGER},
      manager = #{manager,jdbcType=VARCHAR},
      leader = #{leader,jdbcType=VARCHAR},
      seqNo = #{seqNo,jdbcType=INTEGER},
      parentId = #{parentId,jdbcType=VARCHAR},
      remark = #{remark,jdbcType=VARCHAR},
      <if test="status != null">
        status = #{status,jdbcType=INTEGER},
      </if>
    </set>
    where deptId = #{deptId,jdbcType=VARCHAR}
  </update>

  <!--根据主键更新 -->
  <update id="updateByPrimaryKey" parameterType="com.okay.framework.entity.Dept">
    update v_sys_dept
    set deptCode = #{deptCode,jdbcType=VARCHAR},
      deptName = #{deptName,jdbcType=VARCHAR},
      deptType = #{deptType,jdbcType=INTEGER},
      manager = #{manager,jdbcType=VARCHAR},
      leader = #{leader,jdbcType=VARCHAR},
      status = #{status,jdbcType=INTEGER},
      seqNo = #{seqNo,jdbcType=INTEGER},
      parentId = #{parentId,jdbcType=VARCHAR},
      remark = #{remark,jdbcType=VARCHAR}
    where deptId = #{deptId,jdbcType=VARCHAR}
  </update>

  <resultMap id="ListResultMap" type="java.util.Map">
    <result column="deptId" jdbcType="VARCHAR" property="deptId" />
    <result column="deptCode" jdbcType="VARCHAR" property="deptCode" />
    <result column="deptName" jdbcType="VARCHAR" property="deptName" />
    <result column="deptType" jdbcType="INTEGER" property="deptType" />
    <result column="manager" jdbcType="VARCHAR" property="manager" />
    <result column="leader" jdbcType="VARCHAR" property="leader" />
    <result column="status" jdbcType="INTEGER" property="status" />
    <result column="seqNo" jdbcType="INTEGER" property="seqNo" />
    <result column="parentId" jdbcType="VARCHAR" property="parentId" />
    <result column="remark" jdbcType="VARCHAR" property="remark" />

    <result column="DEPTTYPENAME" jdbcType="VARCHAR" property="deptTypeName" />
    <result column="MANAGERNAME" jdbcType="VARCHAR" property="managerName" />
    <result column="LEADERNAME" jdbcType="VARCHAR" property="leaderName" />
    <result column="PARENTNAME" jdbcType="VARCHAR" property="parentName" />
  </resultMap>

  <!-- 数据列表 -->
  <select id="selectDataList" parameterType="com.okay.framework.entity.Page" resultMap="ListResultMap">
    select DEPTID, DEPTCODE, DEPTNAME, DEPTTYPENAME, MANAGERNAME, LEADERNAME, PARENTNAME
    from (
    select
    DEPTID, DEPTCODE, DEPTNAME,
    (select di.label from sys_dict_item di where di.type='dept_type' and di.value=d.DEPTTYPE order by di.sort) as DEPTTYPENAME,
    (select u.USERNAME from v_sys_user u where u.USERID = d.MANAGER) as MANAGERNAME,
    (select u.USERNAME from v_sys_user u where u.USERID = d.LEADER) as LEADERNAME,
    (select dt.DEPTNAME from v_sys_dept dt where dt.DEPTID = d.PARENTID) as PARENTNAME,
    STATUS, SEQNO, REMARK
    from v_sys_dept d
    <include refid="sql_ByCondition"/>
    order by d.SEQNO
    ) t
  </select>

  <!-- 根据各种条件查找数据 -->
  <sql id="sql_ByCondition">
    <where>
      <if test="conditionMap.deptCode != null and conditionMap.deptCode != ''">
        AND INSTR(d.DEPTCODE,#{conditionMap.deptCode, jdbcType=VARCHAR})<![CDATA[>]]>0
      </if>
      <if test="conditionMap.deptName != null and conditionMap.deptName != ''">
        AND INSTR(d.DEPTNAME,#{conditionMap.deptName, jdbcType=VARCHAR})<![CDATA[>]]>0
      </if>
      <if test="conditionMap.deptType != null and conditionMap.deptType != ''">
        AND d.DEPTTYPE=#{conditionMap.deptType, jdbcType=DECIMAL}
      </if>
      <if test="conditionMap.status != null">
        AND d.STATUS=#{conditionMap.status, jdbcType=DECIMAL}
      </if>
      <!-- 结合部门树 -->
      <if test="conditionMap.parentId != null and conditionMap.parentId !=''">
        and d.PARENTID = #{conditionMap.parentId, jdbcType=VARCHAR}
      </if>

    </where>
  </sql>

  <!-- 部门信息查询 -->
  <select id="selectLinkDataByDeptId" parameterType="java.lang.String" resultMap="ListResultMap">
    select DEPTID, DEPTCODE, DEPTNAME,PARENTID,DEPTTYPE,MANAGER,LEADER, SEQNO, REMARK,MANAGERNAME,LEADERNAME,PARENTNAME
    from (
      select DEPTID, DEPTCODE, DEPTNAME,PARENTID,DEPTTYPE,MANAGER,LEADER, SEQNO, REMARK,
      (select u.USERNAME from v_sys_user u where u.USERID = d.MANAGER) as MANAGERNAME,
      (select u.USERNAME from v_sys_user u where u.USERID = d.LEADER) as LEADERNAME,
      (select dt.DEPTNAME from v_sys_dept dt where dt.DEPTID = d.PARENTID) as PARENTNAME
      from v_sys_dept d where DEPTID = #{deptId, jdbcType=VARCHAR}
    ) t
  </select>

  <!-- 批量改状态 -->
  <update id="updateByParams" parameterType="java.util.Map">
    update v_sys_dept
    <set>
      <if test="status != null">
        STATUS = #{status,jdbcType=DECIMAL},
      </if>
    </set>
    <where>
      <if test="deptIdList != null and deptIdList.size > 0">
        AND DEPTID IN
        <foreach collection="deptIdList" item="item" index="idnex" open="(" separator="," close=")">
          #{item}
        </foreach>
      </if>
    </where>
  </update>

  <!-- 部门树-->
  <sql id="DataTree_Column_List">
    DEPTID, DEPTCODE, DEPTNAME, DEPTTYPE, PARENTID
  </sql>
  <!-- 节点查询 -->
  <resultMap id="DataTreeResultMap" type="com.okay.framework.entity.DataTree">
    <id column="DEPTID" property="nodeId" jdbcType="VARCHAR"/>
    <result column="DEPTCODE" property="nodeCode" jdbcType="VARCHAR"/>
    <result column="DEPTNAME" property="nodeName" jdbcType="VARCHAR"/>
    <result column="DEPTTYPE" property="nodeType" jdbcType="DECIMAL"/>
    <result column="PARENTID" property="parentId" jdbcType="VARCHAR"/>
  </resultMap>
  <!-- 子节点递归查询 -->
  <resultMap id="DataTreeRecursionResultMap" type="com.okay.framework.entity.DataTree" extends="DataTreeResultMap">
    <collection column="DEPTID" property="childNodes"
                ofType="com.okay.framework.entity.DataTree"
                javaType="java.util.ArrayList"
                select="recursionSelectDeptDataTree">
    </collection>
  </resultMap>
  <!-- 根据父节点查询 -->
  <select id="recursionSelectDeptDataTree" parameterType="java.lang.String" resultMap="DataTreeRecursionResultMap">
    select
    <include refid="DataTree_Column_List"/>
    from v_sys_dept
    where STATUS = 1 AND PARENTID = #{deptId, jdbcType=VARCHAR}
    order by SEQNO
  </select>
  <!--无父节点（整棵树）查询-->
  <select id="selectDeptToDeptDataTree" resultMap="DataTreeRecursionResultMap">
    select
    <include refid="DataTree_Column_List"/>
    from v_sys_dept
    where STATUS = 1 AND (PARENTID = '' or PARENTID is null)
    order by SEQNO
  </select>

  <!-- 批量删除 -->
  <delete id="deleteByParams" parameterType="java.util.Map">
    delete from v_sys_dept
    <where>
      <if test="deptIdList != null and deptIdList.size > 0">
        AND DEPTID IN
        <foreach collection="deptIdList" item="item" index="idnex" open="(" separator="," close=")">
          #{item}
        </foreach>
      </if>
    </where>
  </delete>

  <!-- 根据编码查询 -->
  <select id="selectByDeptCode" parameterType="java.lang.String" resultType="com.okay.framework.entity.Dept">
    select * from v_sys_dept
    where deptCode = #{deptCode, jdbcType=VARCHAR}
  </select>

  <select id="selectByQueryMap" parameterType="java.util.Map" resultMap="BaseResultMap">
    select
    <include refid="Base_Column_List" />
    from v_sys_dept
    <where>
      <if test="deptCode != null and deptCode != ''">
        AND INSTR(DEPTCODE,#{deptCode, jdbcType=VARCHAR})<![CDATA[>]]>0
      </if>
      <if test="deptName != null and deptName != ''">
        AND INSTR(DEPTNAME,#{deptName, jdbcType=VARCHAR})<![CDATA[>]]>0
      </if>
      <if test="deptType != null and deptType != ''">
        AND DEPTTYPE=#{deptType, jdbcType=DECIMAL}
      </if>
      <if test="status != null">
        AND STATUS=#{status, jdbcType=DECIMAL}
      </if>
      <if test="deptIdList != null and deptIdList.size > 0">
        AND DEPTID IN
        <foreach collection="deptIdList" item="item" index="idnex" open="(" separator="," close=")">
          #{item}
        </foreach>
      </if>
    </where>
  </select>


</mapper>