<?xml version="1.0" encoding="UTF-8"?>
<!DOCTYPE mapper PUBLIC "-//mybatis.org//DTD Mapper 3.0//EN" "http://mybatis.org/dtd/mybatis-3-mapper.dtd">
<mapper namespace="com.okay.framework.mapper.RoleMapper">
  <resultMap id="BaseResultMap" type="com.okay.framework.entity.Role">
    <id column="roleId" jdbcType="VARCHAR" property="roleId" />
    <result column="roleCode" jdbcType="VARCHAR" property="roleCode" />
    <result column="roleName" jdbcType="VARCHAR" property="roleName" />
    <result column="parentId" jdbcType="VARCHAR" property="parentId" />
    <result column="seqNo" jdbcType="INTEGER" property="seqNo" />
    <result column="status" jdbcType="INTEGER" property="status" />
    <result column="isCancel" jdbcType="INTEGER" property="isCancel" />
  </resultMap>
  <sql id="Base_Column_List">
    roleId, roleCode, roleName, parentId, seqNo, status, isCancel
  </sql>
  <select id="selectByPrimaryKey" parameterType="java.lang.String" resultMap="BaseResultMap">
    select 
    <include refid="Base_Column_List" />
    from sys_role
    where roleId = #{roleId,jdbcType=VARCHAR}
  </select>
  <delete id="deleteByPrimaryKey" parameterType="java.lang.String">
    delete from sys_role
    where roleId = #{roleId,jdbcType=VARCHAR}
  </delete>
  <insert id="insert" parameterType="com.okay.framework.entity.Role">
    insert into sys_role (roleId, roleCode, roleName, 
      parentId, seqNo, status, isCancel
      )
    values (#{roleId,jdbcType=VARCHAR}, #{roleCode,jdbcType=VARCHAR}, #{roleName,jdbcType=VARCHAR}, 
      #{parentId,jdbcType=INTEGER}, #{seqNo,jdbcType=INTEGER}, #{status,jdbcType=INTEGER},  #{isCancel,jdbcType=INTEGER}
      )
  </insert>
  <insert id="insertSelective" parameterType="com.okay.framework.entity.Role">
    insert into sys_role
    <trim prefix="(" suffix=")" suffixOverrides=",">
      <if test="roleId != null">
        roleId,
      </if>
      <if test="roleCode != null">
        roleCode,
      </if>
      <if test="roleName != null">
        roleName,
      </if>
      <if test="parentId != null">
        parentId,
      </if>
      <if test="seqNo != null">
        seqNo,
      </if>
      <if test="status != null">
        status,
      </if>
      <if test="isCancel != null">
        isCancel,
      </if>
    </trim>
    <trim prefix="values (" suffix=")" suffixOverrides=",">
      <if test="roleId != null">
        #{roleId,jdbcType=VARCHAR},
      </if>
      <if test="roleCode != null">
        #{roleCode,jdbcType=VARCHAR},
      </if>
      <if test="roleName != null">
        #{roleName,jdbcType=VARCHAR},
      </if>
      <if test="parentId != null">
        #{parentId,jdbcType=INTEGER},
      </if>
      <if test="seqNo != null">
        #{seqNo,jdbcType=INTEGER},
      </if>
      <if test="status != null">
        #{status,jdbcType=INTEGER},
      </if>
      <if test="isCancel != null">
        #{isCancel,jdbcType=INTEGER},
      </if>
    </trim>
  </insert>
  <update id="updateByPrimaryKeySelective" parameterType="com.okay.framework.entity.Role">
    update sys_role
    <set>
      <if test="roleCode != null">
        roleCode = #{roleCode,jdbcType=VARCHAR},
      </if>
      <if test="roleName != null">
        roleName = #{roleName,jdbcType=VARCHAR},
      </if>
      <if test="parentId != null">
        parentId = #{parentId,jdbcType=INTEGER},
      </if>
      <if test="seqNo != null">
        seqNo = #{seqNo,jdbcType=INTEGER},
      </if>
      <if test="status != null">
        status = #{status,jdbcType=INTEGER},
      </if>
      <if test="isCancel != null">
        isCancel = #{isCancel,jdbcType=INTEGER},
      </if>
    </set>
    where roleId = #{roleId,jdbcType=VARCHAR}
  </update>
  <update id="updateByPrimaryKey" parameterType="com.okay.framework.entity.Role">
    update sys_role
    set roleCode = #{roleCode,jdbcType=VARCHAR},
      roleName = #{roleName,jdbcType=VARCHAR},
      parentId = #{parentId,jdbcType=INTEGER},
      seqNo = #{seqNo,jdbcType=INTEGER},
      status = #{status,jdbcType=INTEGER},
      isCancel = #{isCancel,jdbcType=INTEGER}
    where roleId = #{roleId,jdbcType=VARCHAR}
  </update>

  <!-- 树结构数据字段 -->
  <sql id="DataTree_Column_List">
    roleId, roleCode, roleName, parentId
  </sql>
  <!-- 树结构数据对象映射 -->
  <resultMap id="DataTreeResultMap" type="com.okay.framework.entity.DataTree">
    <id column="roleId" property="nodeId" jdbcType="VARCHAR"/>
    <result column="roleCode" property="nodeCode" jdbcType="VARCHAR"/>
    <result column="roleName" property="nodeName" jdbcType="VARCHAR"/>
    <result column="parentId" property="parentId" jdbcType="VARCHAR"/>
  </resultMap>
  <!-- 带叶子查询 -->
  <!-- 树结构数据递归查询 -->
  <resultMap id="DataTreeRecursionResultMap" type="com.okay.framework.entity.DataTree" extends="DataTreeResultMap">
    <collection column="roleId" property="childNodes" ofType="com.okay.framework.entity.DataTree"
                javaType="java.util.ArrayList" select="recursionSelectDataTree"/>
  </resultMap>

  <!-- 树结构数据递归查询依据 -->
  <select id="recursionSelectDataTree" parameterType="java.lang.String" resultMap="DataTreeRecursionResultMap">
    select
    <include refid="DataTree_Column_List"/>
    from sys_role
    where status = 1 and parentId = #{key, jdbcType=VARCHAR}
    order by seqNo
  </select>

  <!-- 树结构数据根目录查询 -->
  <select id="selectDataTreeList" resultMap="DataTreeRecursionResultMap">
    select
    <include refid="DataTree_Column_List"/>
    from sys_role
    where status = 1 and (parentId = '' or parentId is null)
    order by seqNo
  </select>

  <delete id="deleteUserRole" parameterType="java.lang.String">
      delete from SYS_USERROLE
      where ROLEID = #{roleId,jdbcType=VARCHAR}
  </delete>
  <insert id="insertBatchUserRole" parameterType="java.util.List">
    insert into SYS_USERROLE (recId, userId, roleId, remark) values
    <foreach collection="list" item="item" index="index" separator=",">
      (#{item.recid}, #{item.userid}, #{item.roleid}, #{item.remark})
    </foreach>
  </insert>

  <delete id="deleteUserFromRole" parameterType="java.util.Map">
    delete from SYS_USERROLE
    where ROLEID = #{roleId,jdbcType=VARCHAR} and USERID in
    <foreach collection="userIdList" item="item" index="index" open="("
             separator="," close=")">
      #{item}
    </foreach>
  </delete>

</mapper>