<?xml version="1.0" encoding="UTF-8"?>
<!DOCTYPE mapper PUBLIC "-//mybatis.org//DTD Mapper 3.0//EN" "http://mybatis.org/dtd/mybatis-3-mapper.dtd">
<mapper namespace="com.okay.framework.mapper.SequenceMapper">

  <resultMap id="BaseResultMap" type="com.okay.framework.entity.Sequence">
    <result column="TABLENAME" jdbcType="VARCHAR" property="tableName" />
    <result column="SEQUENCE" jdbcType="BIGINT" property="sequence" />
  </resultMap>

  <sql id="Base_Column_List">
    TABLENAME, SEQUENCE
  </sql>

  <select id="selectSequence" resultType="java.lang.Long">
    select
      SEQUENCE
    from SYS_SEQUENCE
    where TABLENAME = #{tableName,jdbcType=VARCHAR}
  </select>
  <insert id="insertSequence">
    insert into SYS_SEQUENCE
    (
    <include refid="Base_Column_List" />
    )
    values (#{tableName,jdbcType=VARCHAR}, #{sequence,jdbcType=DECIMAL})
  </insert>
  <update id="updateSequence">
    update SYS_SEQUENCE
    set SEQUENCE = #{sequence,jdbcType=DECIMAL}
    where tableName = #{tableName,jdbcType=VARCHAR}
  </update>

  <!--<select id="selectByPrimaryKey" parameterType="java.lang.String" resultMap="BaseResultMap">
    select
    <include refid="Base_Column_List" />
    from SYS_SEQUENCE
    where TABLENAME = #{tablename,jdbcType=VARCHAR}
  </select>
  <insert id="insert" parameterType="com.okay.framework.entity.Sequence">
    insert into SYS_SEQUENCE
    (
    <include refid="Base_Column_List" />
    )
    values (#{tablename,jdbcType=VARCHAR}, #{sequence,jdbcType=DECIMAL})
  </insert>
  <update id="updateByPrimaryKey" parameterType="com.okay.framework.entity.Sequence">
    update SYS_SEQUENCE
    set SEQUENCE = #{sequence,jdbcType=DECIMAL}
    where TABLENAME = #{tablename,jdbcType=VARCHAR}
  </update>-->
</mapper>