<?xml version="1.0" encoding="UTF-8" ?>
<!DOCTYPE mapper PUBLIC "-//mybatis.org//DTD Mapper 3.0//EN" "http://mybatis.org/dtd/mybatis-3-mapper.dtd" >
<mapper namespace="com.okay.framework.mapper.ServerInfoMapper" >
  <resultMap id="BaseResultMap" type="com.okay.framework.entity.ServerInfo" >
    <id column="serverInfoId" property="serverInfoId" jdbcType="VARCHAR" />
    <result column="serverName" property="serverName" jdbcType="VARCHAR" />
    <result column="serverIp" property="serverIp" jdbcType="VARCHAR" />
    <result column="serverPort" property="serverPort" jdbcType="VARCHAR" />
    <result column="updateTime" property="updateTime" jdbcType="TIMESTAMP" />
    <result column="updateUser" property="updateUser" jdbcType="VARCHAR" />
  </resultMap>
  <sql id="Base_Column_List" >
    serverInfoId, serverName, serverIp, serverPort, updateTime, updateUser
  </sql>
  <select id="selectByPrimaryKey" resultMap="BaseResultMap" parameterType="java.lang.String" >
    select 
    <include refid="Base_Column_List" />
    from sys_serverinfo
    where serverInfoId = #{serverInfoId,jdbcType=VARCHAR}
  </select>
  <delete id="deleteByPrimaryKey" parameterType="java.lang.String" >
    delete from sys_serverinfo
    where serverInfoId = #{serverInfoId,jdbcType=VARCHAR}
  </delete>
  <insert id="insert" parameterType="com.okay.framework.entity.ServerInfo" >
    insert into sys_serverinfo (serverInfoId, serverName, serverIp, 
      serverPort, updateTime, updateUser
      )
    values (#{serverInfoId,jdbcType=VARCHAR}, #{serverName,jdbcType=VARCHAR}, #{serverIp,jdbcType=VARCHAR}, 
      #{serverPort,jdbcType=VARCHAR}, #{updateTime,jdbcType=TIMESTAMP}, #{updateUser,jdbcType=VARCHAR}
      )
  </insert>
  <insert id="insertSelective" parameterType="com.okay.framework.entity.ServerInfo" >
    insert into sys_serverinfo
    <trim prefix="(" suffix=")" suffixOverrides="," >
      <if test="serverInfoId != null" >
        serverInfoId,
      </if>
      <if test="serverName != null" >
        serverName,
      </if>
      <if test="serverIp != null" >
        serverIp,
      </if>
      <if test="serverPort != null" >
        serverPort,
      </if>
      <if test="updateTime != null" >
        updateTime,
      </if>
      <if test="updateUser != null" >
        updateUser,
      </if>
    </trim>
    <trim prefix="values (" suffix=")" suffixOverrides="," >
      <if test="serverInfoId != null" >
        #{serverInfoId,jdbcType=VARCHAR},
      </if>
      <if test="serverName != null" >
        #{serverName,jdbcType=VARCHAR},
      </if>
      <if test="serverIp != null" >
        #{serverIp,jdbcType=VARCHAR},
      </if>
      <if test="serverPort != null" >
        #{serverPort,jdbcType=VARCHAR},
      </if>
      <if test="updateTime != null" >
        #{updateTime,jdbcType=TIMESTAMP},
      </if>
      <if test="updateUser != null" >
        #{updateUser,jdbcType=VARCHAR},
      </if>
    </trim>
  </insert>
  <update id="updateByPrimaryKeySelective" parameterType="com.okay.framework.entity.ServerInfo" >
    update sys_serverinfo
    <set >
      <if test="serverName != null" >
        serverName = #{serverName,jdbcType=VARCHAR},
      </if>
      <if test="serverIp != null" >
        serverIp = #{serverIp,jdbcType=VARCHAR},
      </if>
      <if test="serverPort != null" >
        serverPort = #{serverPort,jdbcType=VARCHAR},
      </if>
      <if test="updateTime != null" >
        updateTime = #{updateTime,jdbcType=TIMESTAMP},
      </if>
      <if test="updateUser != null" >
        updateUser = #{updateUser,jdbcType=VARCHAR},
      </if>
    </set>
    where serverInfoId = #{serverInfoId,jdbcType=VARCHAR}
  </update>
  <update id="updateByPrimaryKey" parameterType="com.okay.framework.entity.ServerInfo" >
    update sys_serverinfo
    set serverName = #{serverName,jdbcType=VARCHAR},
      serverIp = #{serverIp,jdbcType=VARCHAR},
      serverPort = #{serverPort,jdbcType=VARCHAR},
      updateTime = #{updateTime,jdbcType=TIMESTAMP},
      updateUser = #{updateUser,jdbcType=VARCHAR}
    where serverInfoId = #{serverInfoId,jdbcType=VARCHAR}
  </update>

  <select id="selectByPage" parameterType="com.okay.framework.entity.Page" resultMap="BaseResultMap">
    select
    <include refid="Base_Column_List" />
    from sys_serverinfo
    <where>
      <if test="conditionMap.serverName != null and conditionMap.serverName !=''">
        and INSTR(serverName,#{conditionMap.serverName, jdbcType=VARCHAR})<![CDATA[>]]>0
      </if>
      <if test="conditionMap.serverInfoId != null and conditionMap.serverInfoId !=''">
        and serverInfoId = #{conditionMap.serverInfoId, jdbcType=VARCHAR}
      </if>
    </where>
  </select>

</mapper>