<?xml version="1.0" encoding="UTF-8"?>
<!DOCTYPE mapper PUBLIC "-//mybatis.org//DTD Mapper 3.0//EN" "http://mybatis.org/dtd/mybatis-3-mapper.dtd">
<mapper namespace="com.okay.framework.mapper.UserMapper">
    <resultMap id="BaseResultMap" type="com.okay.framework.entity.User">
        <id column="userId" jdbcType="VARCHAR" property="userId"/>
        <result column="account" jdbcType="VARCHAR" property="account"/>
        <result column="userName" jdbcType="VARCHAR" property="userName"/>
        <result column="pwd" jdbcType="VARCHAR" property="passWord"/>
        <result column="idCard" jdbcType="VARCHAR" property="idCard"/>
        <result column="sex" jdbcType="INTEGER" property="sex"/>
        <result column="birthday" jdbcType="TIMESTAMP" property="birthday"/>
        <result column="mobile" jdbcType="VARCHAR" property="mobile"/>
        <result column="homePhone" jdbcType="VARCHAR" property="homePhone"/>
        <result column="workPhone" jdbcType="VARCHAR" property="workPhone"/>
        <result column="email" jdbcType="VARCHAR" property="email"/>
        <result column="address" jdbcType="VARCHAR" property="address"/>
        <result column="postCode" jdbcType="VARCHAR" property="postCode"/>
        <result column="political" jdbcType="INTEGER" property="political"/>
        <result column="nation" jdbcType="INTEGER" property="nation"/>
        <result column="nativePlace" jdbcType="VARCHAR" property="nativePlace"/>
        <result column="duty" jdbcType="INTEGER" property="duty"/>
        <result column="dutyState" jdbcType="VARCHAR" property="dutyState"/>
        <result column="deptId" jdbcType="VARCHAR" property="deptId"/>
        <result column="marriage" jdbcType="INTEGER" property="marriage"/>
        <result column="health" jdbcType="INTEGER" property="health"/>
        <result column="hiredate" jdbcType="TIMESTAMP" property="hiredate"/>
        <result column="termdate" jdbcType="TIMESTAMP" property="termdate"/>
        <result column="seqNo" jdbcType="INTEGER" property="seqNo"/>
        <result column="status" jdbcType="CHAR" property="status"/>
        <result column="isLock" jdbcType="CHAR" property="isLock"/>
        <result column="remark" jdbcType="VARCHAR" property="remark"/>
        <result column="photo" jdbcType="BLOB" property="photo"/>

        <!--    <resultMap id="ResultMapWithBLOBs" type="com.okay.portal.entity.Slide" extends="BaseResultMap" >-->
        <!--      <result column="bytes" property="bytes" jdbcType="LONGVARBINARY" />-->
        <!--    </resultMap>-->
        <!-- 一对一查询部门 -->
        <association property="dept" javaType="com.okay.framework.entity.Dept" column="deptId"
                     select="selectDeptByDeptId">
            <id column="deptId" property="deptId"/>
            <result column="deptCode" property="deptCode" jdbcType="VARCHAR"/>
            <result column="deptName" property="deptName" jdbcType="VARCHAR"/>
            <result column="deptType" property="deptType" jdbcType="DECIMAL"/>
            <result column="manager" property="manager" jdbcType="VARCHAR"/>
            <result column="leader" property="leader" jdbcType="VARCHAR"/>
            <result column="status" property="status" jdbcType="VARCHAR"/>
            <result column="seqNo" property="seqNo" jdbcType="DECIMAL"/>
            <result column="parentId" property="parentId" jdbcType="VARCHAR"/>
            <result column="remark" property="remark" jdbcType="VARCHAR"/>
        </association>
    </resultMap>

    <!--自定义结果映射-->
    <resultMap id="CustomResultMap" type="java.util.Map">
        <result column="userId" jdbcType="VARCHAR" property="userId"/>
        <result column="account" jdbcType="VARCHAR" property="account"/>
        <result column="userName" jdbcType="VARCHAR" property="userName"/>
        <result column="idCard" jdbcType="VARCHAR" property="idCard"/>
        <result column="sex" jdbcType="INTEGER" property="sex"/>
        <result column="birthday" jdbcType="TIMESTAMP" property="birthday"/>
        <result column="mobile" jdbcType="VARCHAR" property="mobile"/>
        <result column="homePhone" jdbcType="VARCHAR" property="homePhone"/>
        <result column="chineseName" jdbcType="VARCHAR" property="chineseName"/>
        <result column="workPhone" jdbcType="VARCHAR" property="workPhone"/>
        <result column="email" jdbcType="VARCHAR" property="email"/>
        <result column="phone" jdbcType="VARCHAR" property="phone"/>
        <result column="address" jdbcType="VARCHAR" property="address"/>
        <result column="postCode" jdbcType="VARCHAR" property="postCode"/>
        <result column="political" jdbcType="INTEGER" property="political"/>
        <result column="nation" jdbcType="INTEGER" property="nation"/>
        <result column="nativePlace" jdbcType="VARCHAR" property="nativePlace"/>
        <result column="duty" jdbcType="INTEGER" property="duty"/>
        <result column="dutyState" jdbcType="VARCHAR" property="dutyState"/>
        <result column="deptId" jdbcType="VARCHAR" property="deptId"/>
        <result column="marriage" jdbcType="INTEGER" property="marriage"/>
        <result column="health" jdbcType="INTEGER" property="health"/>
        <result column="hiredate" jdbcType="TIMESTAMP" property="hiredate"/>
        <result column="termdate" jdbcType="TIMESTAMP" property="termdate"/>
        <result column="seqNo" jdbcType="INTEGER" property="seqNo"/>
        <result column="status" jdbcType="CHAR" property="status"/>
        <result column="isLock" jdbcType="CHAR" property="isLock"/>
        <result column="remark" jdbcType="VARCHAR" property="remark"/>
        <result column="photo" jdbcType="BLOB" property="photo"/>
        <result column="SEX_T" property="sexT" jdbcType="VARCHAR"/>
        <result column="DEPT_T" property="deptT" jdbcType="VARCHAR"/>
        <result column="DUTY_T" property="dutyT" jdbcType="VARCHAR"/>
        <result column="DUTYSTATE_T" property="dutystateT" jdbcType="VARCHAR"/>
    </resultMap>

    <sql id="Base_Column_List">
        userId,
        account,
        userName,
        pwd,
        idCard,
        sex,
        birthday,
        mobile,
        homePhone,
        workPhone,
        email,
        address,
        postCode,
        political,
        nation,
        nativePlace,
        duty,
        dutyState,
        deptId,
        marriage,
        health,
        hiredate,
        termdate,
        seqNo,
        status,
        isLock,
        remark,
        photo
    </sql>

    <!-- 自定义选择列 -->
    <sql id="Custom_Column_List">
        (select d.DEPTNAME from v_sys_dept d where d.DEPTID = u.DEPTID) as DEPT_T,
        (select d.label
         from sys_dict_item d
         where d.type = 'gender'
           and d.value = u.SEX
           and tenant_id = '1'
         order by d.sort)                                               as SEX_T,
        (select d.label
         from sys_dict_item d
         where d.type = 'duty_type'
           and d.value = u.DUTY
           and tenant_id = '1'
         order by d.sort)                                               as DUTY_T,
        (select d.label
         from sys_dict_item d
         where d.type = 'duty_status'
           and d.value = u.dutyState
           and tenant_id = '1'
         order by d.sort)                                               as DUTYSTATE_T
    </sql>

    <!-- 主键查询用户信息 -->
    <select id="selectByPrimaryKey" parameterType="java.lang.String" resultMap="BaseResultMap">
        select
        <include refid="Base_Column_List"/>
        from v_sys_user
        where userId = #{userId,jdbcType=VARCHAR}
    </select>

    <delete id="deleteByPrimaryKey" parameterType="java.lang.String">
        delete
        from v_sys_user
        where userId = #{userId,jdbcType=VARCHAR}
    </delete>

    <insert id="insert" parameterType="com.okay.framework.entity.User">
        insert into v_sys_user (userId, account, userName,
                                pwd, idCard, sex, birthday,
                                mobile, homePhone, workPhone,
                                email, address, postCode,
                                political, nation, nativePlace,
                                duty, dutyState, deptId,
                                marriage, health, hiredate,
                                termdate, seqNo, status,
                                isLock, remark, photo)
        values (#{userId,jdbcType=VARCHAR}, #{account,jdbcType=VARCHAR}, #{userName,jdbcType=VARCHAR},
                #{passWord,jdbcType=VARCHAR}, #{idCard,jdbcType=VARCHAR}, #{sex,jdbcType=INTEGER},
                #{birthday,jdbcType=TIMESTAMP},
                #{mobile,jdbcType=VARCHAR}, #{homePhone,jdbcType=VARCHAR}, #{workPhone,jdbcType=VARCHAR},
                #{email,jdbcType=VARCHAR}, #{address,jdbcType=VARCHAR}, #{postCode,jdbcType=VARCHAR},
                #{political,jdbcType=INTEGER}, #{nation,jdbcType=INTEGER}, #{nativePlace,jdbcType=VARCHAR},
                #{duty,jdbcType=INTEGER}, #{dutyState,jdbcType=VARCHAR}, #{deptId,jdbcType=VARCHAR},
                #{marriage,jdbcType=INTEGER}, #{health,jdbcType=INTEGER}, #{hiredate,jdbcType=TIMESTAMP},
                #{termdate,jdbcType=TIMESTAMP}, #{seqNo,jdbcType=INTEGER}, #{status,jdbcType=CHAR},
                #{isLock,jdbcType=CHAR}, #{remark,jdbcType=VARCHAR}, #{photo,jdbcType=BLOB})
    </insert>

    <!-- 选择性新增 -->
    <insert id="insertSelective" parameterType="com.okay.framework.entity.User">
        insert into v_sys_user
        <trim prefix="(" suffix=")" suffixOverrides=",">
            <if test="userId != null">
                userId,
            </if>
            <if test="account != null">
                account,
            </if>
            <if test="userName != null">
                userName,
            </if>
            <if test="passWord != null">
                pwd,
            </if>
            <if test="idCard != null">
                idCard,
            </if>
            <if test="sex != null">
                sex,
            </if>
            <if test="birthday != null">
                birthday,
            </if>
            <if test="mobile != null">
                mobile,
            </if>
            <if test="homePhone != null">
                homePhone,
            </if>
            <if test="workPhone != null">
                workPhone,
            </if>
            <if test="email != null">
                email,
            </if>
            <if test="address != null">
                address,
            </if>
            <if test="postCode != null">
                postCode,
            </if>
            <if test="political != null">
                political,
            </if>
            <if test="nation != null">
                nation,
            </if>
            <if test="nativePlace != null">
                nativePlace,
            </if>
            <if test="duty != null">
                duty,
            </if>
            <if test="dutyState != null">
                dutyState,
            </if>
            <if test="deptId != null">
                deptId,
            </if>
            <if test="marriage != null">
                marriage,
            </if>
            <if test="health != null">
                health,
            </if>
            <if test="hiredate != null">
                hiredate,
            </if>
            <if test="termdate != null">
                termdate,
            </if>
            <if test="seqNo != null">
                seqNo,
            </if>
            <if test="status != null">
                status,
            </if>
            <if test="isLock != null">
                isLock,
            </if>
            <if test="remark != null">
                remark,
            </if>
            <if test="photo != null">
                photo,
            </if>
        </trim>
        <trim prefix="values (" suffix=")" suffixOverrides=",">
            <if test="userId != null">
                #{userId,jdbcType=VARCHAR},
            </if>
            <if test="account != null">
                #{account,jdbcType=VARCHAR},
            </if>
            <if test="userName != null">
                #{userName,jdbcType=VARCHAR},
            </if>
            <if test="passWord != null">
                #{passWord,jdbcType=VARCHAR},
            </if>
            <if test="idCard != null">
                #{idCard,jdbcType=VARCHAR},
            </if>
            <if test="sex != null">
                #{sex,jdbcType=INTEGER},
            </if>
            <if test="birthday != null">
                #{birthday,jdbcType=TIMESTAMP},
            </if>
            <if test="mobile != null">
                #{mobile,jdbcType=VARCHAR},
            </if>
            <if test="homePhone != null">
                #{homePhone,jdbcType=VARCHAR},
            </if>
            <if test="workPhone != null">
                #{workPhone,jdbcType=VARCHAR},
            </if>
            <if test="email != null">
                #{email,jdbcType=VARCHAR},
            </if>
            <if test="address != null">
                #{address,jdbcType=VARCHAR},
            </if>
            <if test="postCode != null">
                #{postCode,jdbcType=VARCHAR},
            </if>
            <if test="political != null">
                #{political,jdbcType=INTEGER},
            </if>
            <if test="nation != null">
                #{nation,jdbcType=INTEGER},
            </if>
            <if test="nativePlace != null">
                #{nativePlace,jdbcType=VARCHAR},
            </if>
            <if test="duty != null">
                #{duty,jdbcType=INTEGER},
            </if>
            <if test="dutyState != null">
                #{dutyState,jdbcType=VARCHAR},
            </if>
            <if test="deptId != null">
                #{deptId,jdbcType=VARCHAR},
            </if>
            <if test="marriage != null">
                #{marriage,jdbcType=INTEGER},
            </if>
            <if test="health != null">
                #{health,jdbcType=INTEGER},
            </if>
            <if test="hiredate != null">
                #{hiredate,jdbcType=TIMESTAMP},
            </if>
            <if test="termdate != null">
                #{termdate,jdbcType=TIMESTAMP},
            </if>
            <if test="seqNo != null">
                #{seqNo,jdbcType=INTEGER},
            </if>
            <if test="status != null">
                #{status,jdbcType=CHAR},
            </if>
            <if test="isLock != null">
                #{isLock,jdbcType=CHAR},
            </if>
            <if test="remark != null">
                #{remark,jdbcType=VARCHAR},
            </if>
            <if test="photo != null">
                #{photo,jdbcType=BLOB},
            </if>
        </trim>
    </insert>

    <!-- 选择性更新 -->
    <update id="updateByPrimaryKeySelective" parameterType="com.okay.framework.entity.User">
        update v_sys_user
        <set>
            <if test="account != null">
                account = #{account,jdbcType=VARCHAR},
            </if>
            <if test="userName != null">
                userName = #{userName,jdbcType=VARCHAR},
            </if>
            <if test="passWord != null">
                pwd = #{passWord,jdbcType=VARCHAR},
            </if>
            <if test="idCard != null">
                idCard = #{idCard,jdbcType=VARCHAR},
            </if>
            <if test="sex != null">
                sex = #{sex,jdbcType=INTEGER},
            </if>
            <if test="birthday != null">
                birthday = #{birthday,jdbcType=TIMESTAMP},
            </if>
            <if test="mobile != null">
                mobile = #{mobile,jdbcType=VARCHAR},
            </if>
            <if test="homePhone != null">
                homePhone = #{homePhone,jdbcType=VARCHAR},
            </if>
            <if test="workPhone != null">
                workPhone = #{workPhone,jdbcType=VARCHAR},
            </if>
            <if test="email != null">
                email = #{email,jdbcType=VARCHAR},
            </if>
            <if test="address != null">
                address = #{address,jdbcType=VARCHAR},
            </if>
            <if test="postCode != null">
                postCode = #{postCode,jdbcType=VARCHAR},
            </if>
            <if test="political != null">
                political = #{political,jdbcType=INTEGER},
            </if>
            <if test="nation != null">
                nation = #{nation,jdbcType=INTEGER},
            </if>
            <if test="nativePlace != null">
                nativePlace = #{nativePlace,jdbcType=VARCHAR},
            </if>
            <if test="duty != null">
                duty = #{duty,jdbcType=INTEGER},
            </if>
            <if test="dutyState != null">
                dutyState = #{dutyState,jdbcType=VARCHAR},
            </if>
            <if test="deptId != null">
                deptId = #{deptId,jdbcType=VARCHAR},
            </if>
            <if test="marriage != null">
                marriage = #{marriage,jdbcType=INTEGER},
            </if>
            <if test="health != null">
                health = #{health,jdbcType=INTEGER},
            </if>
            <if test="hiredate != null">
                hiredate = #{hiredate,jdbcType=TIMESTAMP},
            </if>
            <if test="termdate != null">
                termdate = #{termdate,jdbcType=TIMESTAMP},
            </if>
            <if test="seqNo != null">
                seqNo = #{seqNo,jdbcType=INTEGER},
            </if>
            <if test="status != null">
                status = #{status,jdbcType=CHAR},
            </if>
            <if test="isLock != null">
                isLock = #{isLock,jdbcType=CHAR},
            </if>
            <if test="remark != null">
                remark = #{remark,jdbcType=VARCHAR},
            </if>
            <if test="photo != null">
                photo = #{photo,jdbcType=BLOB},
            </if>
        </set>
        where userId = #{userId,jdbcType=VARCHAR}
    </update>

    <!-- 列表用户信息更新 -->
    <update id="updateUserInfoByKey" parameterType="com.okay.framework.entity.User">
        update v_sys_user
        set userName = #{userName,jdbcType=VARCHAR},
            sex      = #{sex,jdbcType=INTEGER},
            mobile   = #{mobile,jdbcType=VARCHAR},
            duty     = #{duty,jdbcType=INTEGER},
            deptId   = #{deptId,jdbcType=VARCHAR},
            seqNo    = #{seqNo,jdbcType=INTEGER}
        where userId = #{userId,jdbcType=VARCHAR}
    </update>

    <!-- 个人信息更新 -->
    <update id="updatePersonalInfoByKey" parameterType="com.okay.framework.entity.User">
        update v_sys_user
        set userName    = #{userName,jdbcType=VARCHAR},
            idCard      = #{idCard,jdbcType=VARCHAR},
            sex         = #{sex,jdbcType=INTEGER},
            birthday    = #{birthday,jdbcType=TIMESTAMP},
            mobile      = #{mobile,jdbcType=VARCHAR},
            homePhone   = #{homePhone,jdbcType=VARCHAR},
            workPhone   = #{workPhone,jdbcType=VARCHAR},
            email       = #{email,jdbcType=VARCHAR},
            address     = #{address,jdbcType=VARCHAR},
            postCode    = #{postCode,jdbcType=VARCHAR},
            political   = #{political,jdbcType=INTEGER},
            nation      = #{nation,jdbcType=INTEGER},
            nativePlace = #{nativePlace,jdbcType=VARCHAR},
            marriage    = #{marriage,jdbcType=INTEGER},
            health      = #{health,jdbcType=INTEGER}
        where userId = #{userId,jdbcType=VARCHAR}
    </update>

    <update id="updateByPrimaryKey" parameterType="com.okay.framework.entity.User">
        update v_sys_user
        set account     = #{account,jdbcType=VARCHAR},
            userName    = #{userName,jdbcType=VARCHAR},
            pwd         = #{passWord,jdbcType=VARCHAR},
            idCard      = #{idCard,jdbcType=VARCHAR},
            sex         = #{sex,jdbcType=INTEGER},
            birthday    = #{birthday,jdbcType=TIMESTAMP},
            mobile      = #{mobile,jdbcType=VARCHAR},
            homePhone   = #{homePhone,jdbcType=VARCHAR},
            workPhone   = #{workPhone,jdbcType=VARCHAR},
            email       = #{email,jdbcType=VARCHAR},
            address     = #{address,jdbcType=VARCHAR},
            postCode    = #{postCode,jdbcType=VARCHAR},
            political   = #{political,jdbcType=INTEGER},
            nation      = #{nation,jdbcType=INTEGER},
            nativePlace = #{nativePlace,jdbcType=VARCHAR},
            duty        = #{duty,jdbcType=INTEGER},
            dutyState   = #{dutyState,jdbcType=VARCHAR},
            deptId      = #{deptId,jdbcType=VARCHAR},
            marriage    = #{marriage,jdbcType=INTEGER},
            health      = #{health,jdbcType=INTEGER},
            hiredate    = #{hiredate,jdbcType=TIMESTAMP},
            termdate    = #{termdate,jdbcType=TIMESTAMP},
            seqNo       = #{seqNo,jdbcType=INTEGER},
            status      = #{status,jdbcType=CHAR},
            isLock      = #{isLock,jdbcType=CHAR},
            remark      = #{remark,jdbcType=VARCHAR}
        where userId = #{userId,jdbcType=VARCHAR}
    </update>

    <!-- 用户关联部门查询 -->
    <select id="selectDeptByDeptId" resultType="com.okay.framework.entity.Dept">
        select DEPTID,
               DEPTCODE,
               DEPTNAME,
               DEPTTYPE,
               MANAGER,
               LEADER,
               STATUS,
               SEQNO,
               PARENTID,
               REMARK
        from v_sys_dept
        where DEPTID = #{deptId, jdbcType=VARCHAR}
    </select>

    <!-- 根据账号查询 -->
    <select id="selectByAccount" parameterType="java.lang.String" resultMap="BaseResultMap">
        select
        <include refid="Base_Column_List"/>
        from v_sys_user
        where account = #{account,jdbcType=VARCHAR}
    </select>

    <!-- 用户列表 -->
    <select id="contactUserList" parameterType="com.okay.framework.entity.dto.SysUserDTO" resultMap="CustomResultMap">
        SELECT s1.chinese_name as chineseName, s1.sex, s2.dept_id as deptId, s2.phone, s1.email, s1.duty
        FROM sys_user_extension s1 left join sys_user s2 on s1.user_id = s2.user_id
        <where>
            <if test="dto.chineseName != null and dto.chineseName != ''">
                and s1.chinese_name like CONCAT('%',#{dto.chineseName},'%')
            </if>
            <if test="dto.deptId != null and dto.deptId != ''">
                and s2.dept_id = #{dto.deptId}
            </if>
            <if test="dto.phone != null and dto.phone != ''">
                and s2.phone like CONCAT('%',#{dto.phone},'%')
            </if>
        </where>
    </select>


    <select id="selectDataList" parameterType="com.okay.framework.entity.Page" resultMap="CustomResultMap">
        select USERID,
               ACCOUNT,
               USERNAME,
               IDCARD,
               SEX_T,
               DUTY_T,
               DUTYSTATE_T,
               HIREDATE,
               DEPT_T,
               WORKPHONE,
               MOBILE,
               ISLOCK
                from (select USERID,
                             ACCOUNT,
                             USERNAME,
                             IDCARD,
                             HIREDATE,
                             WORKPHONE,
                             MOBILE,
                             ISLOCK,
                             (select SEQNO from v_sys_dept d where d.DEPTID = u.DEPTID) as DEPTSEQNO,
        <include refid="Custom_Column_List"/>
        from v_sys_user u
                where u.STATUS = #{conditionMap.status}
        <if test="conditionMap.account != null and conditionMap.account != ''">
            and INSTR(u.ACCOUNT, #{conditionMap.account, jdbcType=VARCHAR})<![CDATA[ >]]> 0
        </if>
        <if test="conditionMap.userName != null and conditionMap.userName != ''">
            and INSTR(u.USERNAME, #{conditionMap.userName, jdbcType=VARCHAR})<![CDATA[ >]]> 0
        </if>
        <if test="conditionMap.duty != null and conditionMap.duty != ''">
            and u.DUTY = #{conditionMap.duty, jdbcType=DECIMAL}
        </if>
        <if test="conditionMap.deptId != null and conditionMap.deptId != ''">
            and u.DEPTID = #{conditionMap.deptId, jdbcType=VARCHAR}
        </if>
        <!-- 结合部门树 -->
        <if test="conditionMap.nodeId != null and conditionMap.nodeId != ''">
            and u.DEPTID IN
                (SELECT B.DEPTID
                 FROM (SELECT @ids                                AS _ids,
                              (SELECT @ids := GROUP_CONCAT(DEPTID)
                               FROM v_sys_dept
                               WHERE FIND_IN_SET(PARENTID, @ids)) AS cids
                       FROM v_sys_dept,
                            (SELECT @ids := #{conditionMap.nodeId}) B
                       WHERE @ids IS NOT NULL) A,
                      v_sys_dept B
                 WHERE 1 = 1
                   AND FIND_IN_SET(B.DEPTID, A._ids)
                        )
        </if>
        order by DEPTSEQNO, u.SEQNO
                ) t
    </select>


    <!-- 批量删除 -->
    <delete id="deleteByParams" parameterType="java.util.Map">
        delete
        from v_sys_user
        <where>
            <if test="userIdList != null and userIdList.size > 0">
                AND USERID IN
                <foreach collection="userIdList" item="item" index="idnex" open="(" separator="," close=")">
                    #{item}
                </foreach>
            </if>
        </where>
    </delete>

    <!-- 多条件、批量修改 -->
    <update id="updateByParams" parameterType="java.util.Map">
        update v_sys_user
        <set>
            <if test="deptId != null">
                DEPTID = #{deptId,jdbcType=VARCHAR},
            </if>
            <if test="status != null">
                STATUS = #{status,jdbcType=VARCHAR},
            </if>
            <if test="pass != null">
                PWD = #{pass,jdbcType=VARCHAR},
            </if>
            <if test="isLock != null">
                ISLOCK = #{isLock,jdbcType=VARCHAR},
            </if>
        </set>
        <where>
            <if test="userIdList != null and userIdList.size > 0">
                AND USERID IN
                <foreach collection="userIdList" item="item" index="idnex" open="(" separator="," close=")">
                    #{item}
                </foreach>
            </if>
        </where>
    </update>

    <!-- 主键查询用户信息 -->
    <select id="selectForMapById" parameterType="java.lang.String" resultMap="CustomResultMap">
        select
        <include refid="Base_Column_List"/>,
        <include refid="Custom_Column_List"/>
        from v_sys_user u
        where userId = #{userId,jdbcType=VARCHAR}
    </select>

    <!-- 部门主键查询用户信息 -->
    <select id="findUserByDeptId" parameterType="java.lang.String" resultMap="CustomResultMap">
        select
        <include refid="Base_Column_List"/>,
        <include refid="Custom_Column_List"/>
        from v_sys_user u
        where u.deptId = #{deptId,jdbcType=VARCHAR}
    </select>

    <!-- 角色主键查询用户信息 -->
    <select id="findUserByRoleId" parameterType="java.lang.String" resultMap="CustomResultMap">
        select
        <include refid="Base_Column_List"/>,
        <include refid="Custom_Column_List"/>
        from (select u.*
              from v_sys_user u
                           inner join sys_userrole ur on u.userid = ur.userid
                           inner join sys_role r on ur.roleid = r.roleId
              where r.roleId = #{roleId,jdbcType=VARCHAR}) u
    </select>

    <!-- 多条件查询用户信息及部门信息 -->
    <select id="selectUserWithDeptByQuery" parameterType="java.util.Map" resultMap="BaseResultMap">
        select
        <include refid="Base_Column_List"/>
        from v_sys_user
        <where>
            <if test="userId != null and userId != ''">
                and userId = #{userId,jdbcType=VARCHAR}
            </if>
            <if test="userName != null and userName != ''">
                and userName = #{userName,jdbcType=VARCHAR}
            </if>
            <if test="account != null and account != ''">
                and account = #{account,jdbcType=VARCHAR}
            </if>
            <if test="likeName != null and likeName != ''">
                and INSTR(userName, #{likeName, jdbcType=VARCHAR})<![CDATA[ >]]> 0
            </if>
            <if test="likeAccount != null and likeAccount != ''">
                and INSTR(account, #{likeAccount, jdbcType=VARCHAR})<![CDATA[ >]]> 0
            </if>
            <if test="duty != null and duty != ''">
                and duty = #{duty, jdbcType=DECIMAL}
            </if>
            <if test="deptId != null and deptId != ''">
                and deptId = #{deptId, jdbcType=VARCHAR}
            </if>
            <if test="status != null and status != ''">
                and status = #{status, jdbcType=VARCHAR}
            </if>
        </where>
    </select>

    <!-- 按部门分类查询人员 -->
    <resultMap id="userInDeptResultMap" type="java.util.Map">
        <result column="deptId" jdbcType="VARCHAR" property="deptId"/>
        <result column="deptCode" jdbcType="VARCHAR" property="deptCode"/>
        <result column="deptName" jdbcType="VARCHAR" property="deptName"/>
        <collection column="deptId" property="userList" ofType="java.util.Map" javaType="java.util.ArrayList"
                    select="selectUserByDeptId"/>
    </resultMap>
    <select id="selectUserByDeptId" parameterType="java.lang.String" resultMap="userInDeptResultMap">
        select userId, account, userName, mobile, homePhone, workPhone, seqNo
        from v_sys_user
        where STATUS = 1
          and DEPTID = #{deptId,jdbcType=DECIMAL}
        order by SEQNO
    </select>
    <select id="selectUserInDept" resultMap="userInDeptResultMap" parameterType="java.util.Map">
        select deptId, deptCode, deptName, seqNo
        from v_sys_dept where STATUS = 1
        <if test="deptName != null and deptName != ''">
            and deptName = #{deptName, jdbcType=VARCHAR}
        </if>
        <if test="deptCode != null and deptCode != ''">
            and deptCode = #{deptCode, jdbcType=VARCHAR}
        </if>
        <if test="deptId != null and deptId != ''">
            and deptId = #{deptId, jdbcType=DECIMAL}
        </if>
        <if test="deptIdList != null and deptIdList.size > 0">
            and deptId in
            <foreach collection="deptIdList" item="item" index="idnex" open="(" separator="," close=")">
                #{item}
            </foreach>
        </if>
        order by SEQNO
    </select>
</mapper>