<?xml version="1.0" encoding="UTF-8"?>
<!DOCTYPE mapper
        PUBLIC "-//mybatis.org//DTD Mapper 3.0//EN"
        "http://mybatis.org/dtd/mybatis-3-mapper.dtd">
<mapper namespace="com.okay.ad.mapper.ADMSStatisticalMapper">

<!--暂时不用 实时进馆 -->
<select id="getPassengerflowinrealtime" resultType="map" parameterType="map">
SELECT cd.dates ,cd.hours,IFNULL(sum(cd.r),0) as r from (

		SELECT  c.hours,c.dates,c.r from (
		  SELECT DATE_FORMAT(ticket_checking,'%k') as hours, DATE_FORMAT(ticket_checking,'%Y-%m-%d') as dates ,ticket_checking AS j,sum(booking_count) AS  r from okay_ticket_db.tk_booking_organization where status =2 and to_days(ticket_checking) = to_days('2020-09-08 09:00')  GROUP BY j ) as c
			UNION
		SELECT  d.hours,d.dates,d.r from (
           SELECT DATE_FORMAT(ticket_checking,'%k') as hours,DATE_FORMAT(ticket_checking,'%Y-%m-%d') as dates , ticket_checking AS j,count(*) AS r  from  	okay_ticket_db.tk_booking_personal
             where  `status` =2 and TO_DAYS(ticket_checking)=TO_DAYS('2020-09-08 09:37:50') GROUP BY j
           ) as d

) as cd  GROUP BY  hours

</select>


<!--观众到访导出 -->
<select id ="exportListAudiencevisit" resultType="map" parameterType="map">
  select sum(IFNULL(table1.acount,0)) as acount,table1.orderdate  FROM (
SELECT IFNULL(sum(IFNULL(childrens, 0)) + COUNT(*), 0) AS acount,
  DATE_FORMAT(ticket_checking,'%Y-%m-%d') as orderdate
FROM v_tk_booking_personal where `status`=2
and date(ticket_checking) &gt;=DATE_FORMAT(#{beginDate},'%Y-%m-%d')
and date(ticket_checking) &lt;=DATE_FORMAT(#{endDate},'%Y-%m-%d')
GROUP by
orderdate

UNION

SELECT SUM(ifnull(t1visiting_count, 0)) AS acount, DATE_FORMAT(t1ticket_checking, '%Y-%m-%d') AS orderdate
FROM v_tk_booking_organization
WHERE t1status = 2
and date(t1ticket_checking) &gt;=DATE_FORMAT(#{beginDate},'%Y-%m-%d')
and date(t1ticket_checking) &lt;=DATE_FORMAT(#{endDate},'%Y-%m-%d')
GROUP BY orderdate )table1  group by orderdate order by orderdate asc
</select>

<!-- 到访观众统计    -->
    <select id="getListAudiencevisit" resultType="map" parameterType="map">

    select sum(IFNULL(table1.acount,0)) as acount,table1.orderdate  FROM (

        SELECT IFNULL(sum(IFNULL(childrens,0)) + COUNT(*), 0) AS acount,
        <choose>
            <when test="type == 'day' ">
                CONCAT(DATE_FORMAT(ticket_checking,'%H'),":00") as orderdate
            </when>
            <when test="type == 'week' ">
                DATE_FORMAT(ticket_checking,'%Y-%m-%d') as orderdate
            </when>
            <when test="type =='month' ">
                DATE_FORMAT(ticket_checking,'%Y-%m-%d') as orderdate
            </when>
            <when test="type =='year' ">
                DATE_FORMAT(ticket_checking,'%Y-%m') as orderdate
            </when>
            <when test="beginDate !=null  and endDate != null ">
             DATE_FORMAT(ticket_checking,'%Y-%m') as orderdate
            </when>
            <otherwise>
                DATE_FORMAT(ticket_checking,'%H') as orderdate
            </otherwise>
        </choose>
        FROM v_tk_booking_personal where `status`=2
        <if test="beginDate != null ">
            and date(ticket_checking) &gt;= DATE_FORMAT(#{beginDate},'%Y-%m-%d')
        </if>
        <if test="endDate != null  ">
            and date(ticket_checking) &lt;= DATE_FORMAT(#{endDate},'%Y-%m-%d')
        </if>
        <choose>
            <when test="type == 'day' ">
                and TO_DAYS(ticket_checking) = TO_DAYS(now())
            </when>
            <when test="type == 'week' ">
                and YEARWEEK(ticket_checking,1)=YEARWEEK(NOW(),1)
            </when>
            <when test="type =='month' ">
                and DATE_FORMAT( ticket_checking, '%Y%m') = DATE_FORMAT( CURDATE( ) , '%Y%m')
            </when>
            <when test="beginDate !=null  and endDate != null ">

            </when>
            <when test="type =='year' ">
                and YEAR(ticket_checking)=YEAR(NOW())
            </when>
            <otherwise>
                and TO_DAYS(ticket_checking) = TO_DAYS(now())
            </otherwise>
        </choose>
        GROUP by
        orderdate

        UNION

        SELECT
		 SUM(ifnull(t1visiting_count,0) )  AS acount,
         <choose>
            <when test="type == 'day' ">
                CONCAT(DATE_FORMAT(t1ticket_checking,'%H'),":00") as orderdate
            </when>
            <when test="type == 'week' ">
                DATE_FORMAT(t1ticket_checking,'%Y-%m-%d') as orderdate
            </when>
            <when test="type =='month' ">
                DATE_FORMAT(t1ticket_checking,'%Y-%m-%d') as orderdate
            </when>
            <when test="type =='year' ">
                DATE_FORMAT(t1ticket_checking,'%Y-%m') as orderdate
            </when>
            <when test="beginDate !=null  and endDate != null ">
             DATE_FORMAT(t1ticket_checking,'%Y-%m') as orderdate
            </when>
            <otherwise>
                DATE_FORMAT(t1ticket_checking,'%H') as orderdate
            </otherwise>
        </choose>
	FROM
		v_tk_booking_organization
	WHERE
		t1status = 2
		 <if test="beginDate != null ">
            and date(t1ticket_checking) &gt;= DATE_FORMAT(#{beginDate},'%Y-%m-%d')
        </if>
        <if test="endDate != null  ">
            and date(t1ticket_checking) &lt;= DATE_FORMAT(#{endDate},'%Y-%m-%d')
        </if>
        <choose>
            <when test="type == 'day' ">
                and TO_DAYS(t1ticket_checking) = TO_DAYS(now())
            </when>
            <when test="type == 'week' ">
                and YEARWEEK(t1ticket_checking,1)=YEARWEEK(NOW(),1)
            </when>
            <when test="type =='month' ">
                and DATE_FORMAT(t1ticket_checking, '%Y%m') = DATE_FORMAT( CURDATE( ) , '%Y%m')
            </when>
            <when test="beginDate !=null  and endDate != null ">
            </when>
            <when test="type =='year' ">
                and YEAR(t1ticket_checking)=YEAR(NOW())
            </when>
            <otherwise>
                and TO_DAYS(t1ticket_checking) = TO_DAYS(now())
            </otherwise>
        </choose>
	GROUP BY
	orderdate

) as  table1   group by orderdate

    </select>



  <!-- 团票统计导出 -->
 <select id="exportListOrganizationVisit" resultType="map" parameterType="map">
        SELECT
            DATE_FORMAT(t1ticket_checking,'%Y-%m-%d') as orderdate,
            IFNULL(SUM(t1visiting_count), 0) organization
        FROM
            v_tk_booking_organization
        WHERE t1status = 2
        <if test="beginDate != null ">
            and date(t1ticket_checking) &gt;= DATE_FORMAT(#{beginDate},'%Y-%m-%d')
        </if>
        <if test="endDate != null  ">
            and date(t1ticket_checking) &lt;=  DATE_FORMAT(#{endDate},'%Y-%m-%d')
        </if>
        GROUP by
            orderdate

        order by  orderdate asc
    </select>
<!--成人与儿童统计数导出 -->
 <select id="exportListAudiencePersonAndChildrensVisit" resultType="map" parameterType="map">
        SELECT
         DATE_FORMAT(ticket_checking,'%Y-%m-%d') as orderdate,
            COUNT(*) as person ,
            IFNULL(SUM(childrens), 0) AS childrens
        FROM v_tk_booking_personal where `status`=2
        <if test="beginDate != null ">
            and date(ticket_checking) &gt;= DATE_FORMAT(#{beginDate},'%Y-%m-%d')
        </if>
        <if test="endDate != null  ">
            and date(ticket_checking) &lt;=DATE_FORMAT( #{endDate},'%Y-%m-%d')
        </if>
        GROUP by
            orderdate
order by  orderdate asc
    </select>
    <!-- 成人与儿童统计数 -->
    <select id="getListAudiencePersonAndChildrensVisit" resultType="map" parameterType="map">
        SELECT
            COUNT(*) as person ,
            IFNULL(SUM(childrens), 0) AS childrens
        FROM v_tk_booking_personal where `status`=2
        <choose>
            <when test="type == 'day' ">
                and TO_DAYS(ticket_checking) = TO_DAYS(now())
            </when>
            <when test="type == 'week' ">
                and YEARWEEK(ticket_checking,1)=YEARWEEK(NOW(),1)
            </when>
            <when test="type =='month' ">
                and DATE_FORMAT( ticket_checking, '%Y%m') = DATE_FORMAT( CURDATE( ) , '%Y%m')
            </when>
            <when test="type =='year' ">
                and YEAR(ticket_checking)=YEAR(NOW())
            </when>
            <when test="beginDate !=null  and  endDate !=null ">
              and date(ticket_checking) &gt;=DATE_FORMAT(#{beginDate},'%Y-%m-%d')
              and date(ticket_checking) &lt;=DATE_FORMAT(#{endDate},'%Y-%m-%d')
            </when>
            <otherwise>
                and TO_DAYS(ticket_checking) = TO_DAYS(now())
            </otherwise>
        </choose>
    </select>

    <!-- 团票统计 -->
    <select id="getListOrganizationVisit" resultType="map" parameterType="map">
        SELECT
            IFNULL(SUM(t1visiting_count), 0) organization
        FROM
            v_tk_booking_organization
        WHERE t1status = 2
        <choose>
            <when test="type == 'day' ">
                and TO_DAYS(t1ticket_checking) = TO_DAYS(now())
            </when>
            <when test="type == 'week' ">
                and YEARWEEK(t1ticket_checking,1)=YEARWEEK(NOW(),1)
            </when>
            <when test="type =='month' ">
                and DATE_FORMAT( t1ticket_checking, '%Y%m') = DATE_FORMAT( CURDATE( ) , '%Y%m')
            </when>
            <when test="type =='year' ">
                and YEAR(t1ticket_checking)=YEAR(NOW())
            </when>
            <when test="beginDate !=null  and  endDate !=null ">
              and date(t1ticket_checking) &gt;= DATE_FORMAT(#{beginDate},'%Y-%m-%d')
              and date(t1ticket_checking) &lt;= DATE_FORMAT(#{endDate},'%Y-%m-%d')
            </when>
            <otherwise>
                and TO_DAYS(t1ticket_checking) = TO_DAYS(now())
            </otherwise>
        </choose>
    </select>
</mapper>
