<?xml version="1.0" encoding="UTF-8" ?>
<!DOCTYPE mapper PUBLIC "-//mybatis.org//DTD Mapper 3.0//EN" "http://mybatis.org/dtd/mybatis-3-mapper.dtd" >
<mapper namespace="com.okay.ad.mapper.AdRentMapper" >
  <resultMap id="BaseResultMap" type="com.okay.ad.entity.AdRent" >
    <id column="ad_rent_id" property="adRentId" jdbcType="INTEGER" />
    <result column="ad_name" property="adName" jdbcType="VARCHAR" />
    <result column="ad_cardNo" property="adCardno" jdbcType="VARCHAR" />
    <result column="ad_phone" property="adPhone" jdbcType="VARCHAR" />
    <result column="rent_content" property="rentContent" jdbcType="VARCHAR" />
    <result column="rent_num" property="rentNum" jdbcType="INTEGER" />
    <result column="deposit" property="deposit" jdbcType="DECIMAL" />
    <result column="is_return" property="isReturn" jdbcType="INTEGER" />
    <result column="is_return_deposit" property="isReturnDeposit" jdbcType="INTEGER" />
    <result column="is_move_financial" property="isMoveFinancial" jdbcType="INTEGER" />
    <result column="createDate" property="createdate" jdbcType="TIMESTAMP" />
    <result column="receive_status" property="receiveStatus" jdbcType="INTEGER" />
    <result column="register_number" property="registerNumber" jdbcType="VARCHAR" />
    <result column="LeaseTime" property="leaseTime" jdbcType="DATE" />
    <result column="returnTime" property="returnTime" jdbcType="DATE" />
    <result column="agent" property="agent" jdbcType="VARCHAR" />
  </resultMap>
  <sql id="Base_Column_List" >
    ad_rent_id, ad_name, ad_cardNo, ad_phone, rent_content,
    rent_num, deposit, is_return, is_return_deposit, is_move_financial, createDate,
    receive_status, register_number,LeaseTime,returnTime,agent
  </sql>
  <select id="selectByPrimaryKey" resultMap="BaseResultMap" parameterType="java.lang.Integer" >
    select 
    <include refid="Base_Column_List" />
    from ad_rent_behavior
    where ad_rent_id = #{adRentId,jdbcType=INTEGER}
  </select>
  <delete id="deleteByPrimaryKey" parameterType="java.lang.Integer" >
    delete from ad_rent_behavior
    where ad_rent_id = #{ad_rent_id,jdbcType=INTEGER}
  </delete>
  <delete id="deleteByBatch" parameterType="java.util.List">
    delete from ad_rent_behavior where ad_rent_id in
    <foreach collection="ids" item="ids" open="(" separator="," close=")">
      #{ids,jdbcType=VARCHAR}
    </foreach>
  </delete>
  <insert id="insert" parameterType="com.okay.ad.entity.AdRent" >
    insert into ad_rent_behavior (ad_rent_id, ad_name,
      ad_cardNo, ad_phone, rent_content,
      rent_num, deposit, is_return, 
      is_return_deposit, is_move_financial, createDate,
      receive_status, register_number,LeaseTime,returnTime,agent)
    values (#{adRentId,jdbcType=INTEGER}, #{adName,jdbcType=VARCHAR},
      #{adCardno,jdbcType=VARCHAR}, #{adPhone,jdbcType=VARCHAR}, #{rentContent,jdbcType=VARCHAR},
      #{rentNum,jdbcType=INTEGER}, #{deposit,jdbcType=DECIMAL}, #{isReturn,jdbcType=INTEGER},
      #{isReturnDeposit,jdbcType=INTEGER}, #{isMoveFinancial,jdbcType=INTEGER}, #{createdate,jdbcType=TIMESTAMP},
      #{receiveStatus,jdbcType=INTEGER}, #{registerNumber,jdbcType=VARCHAR},#{leaseTime,jdbcType=DATE},
      #{returnTime,jdbcType=DATE},#{agent,jdbcType=VARCHAR})
  </insert>
  <insert id="insertSelective" parameterType="com.okay.ad.entity.AdRent" >
    insert into ad_rent_behavior
    <trim prefix="(" suffix=")" suffixOverrides="," >
      <if test="adRentId != null" >
        ad_rent_id,
      </if>
      <if test="adName != null" >
        ad_name,
      </if>
      <if test="adCardno != null" >
        ad_cardNo,
      </if>
      <if test="adPhone != null" >
        ad_phone,
      </if>
      <if test="rentContent != null" >
        rent_content,
      </if>
      <if test="rentNum != null" >
        rent_num,
      </if>
      <if test="deposit != null" >
        deposit,
      </if>
      <if test="isReturn != null" >
        is_return,
      </if>
      <if test="isReturnDeposit != null" >
        is_return_deposit,
      </if>
      <if test="isMoveFinancial != null" >
        is_move_financial,
      </if>
      <if test="createdate != null" >
        createDate,
      </if>
      <if test="receiveStatus != null" >
        receive_status,
      </if>
      <if test="registerNumber != null" >
        register_number,
      </if>
      <if test="leaseTime != null" >
        leaseTime,
      </if>
      <if test="returnTime != null" >
        returnTime,
      </if>
      <if test="agent != null" >
        agent,
      </if>
    </trim>
    <trim prefix="values (" suffix=")" suffixOverrides="," >
      <if test="adRentId != null" >
        #{adRentId,jdbcType=INTEGER},
      </if>
      <if test="adName != null" >
        #{adName,jdbcType=VARCHAR},
      </if>
      <if test="adCardno != null" >
        #{adCardno,jdbcType=VARCHAR},
      </if>
      <if test="adPhone != null" >
        #{adPhone,jdbcType=VARCHAR},
      </if>
      <if test="rentContent != null" >
        #{rentContent,jdbcType=VARCHAR},
      </if>
      <if test="rentNum != null" >
        #{rentNum,jdbcType=INTEGER},
      </if>
      <if test="deposit != null" >
        #{deposit,jdbcType=DECIMAL},
      </if>
      <if test="isReturn != null" >
        #{isReturn,jdbcType=INTEGER},
      </if>
      <if test="isReturnDeposit != null" >
        #{isReturnDeposit,jdbcType=INTEGER},
      </if>
      <if test="isMoveFinancial != null" >
        #{isMoveFinancial,jdbcType=INTEGER},
      </if>
      <if test="createdate != null" >
        #{createdate,jdbcType=INTEGER},
      </if>
      <if test="receiveStatus != null" >
        #{receiveStatus,jdbcType=INTEGER},
      </if>
      <if test="registerNumber != null" >
        #{registerNumber,jdbcType=VARCHAR},
      </if>
      <if test="leaseTime != null" >
        #{leaseTime,jdbcType=DATE},
      </if>
      <if test="returnTime != null" >
        #{returnTime,jdbcType=DATE},
      </if>
      <if test="agent != null" >
        #{agent,jdbcType=VARCHAR},
      </if>
    </trim>
  </insert>
  <update id="updateByPrimaryKeySelective" parameterType="com.okay.ad.entity.AdRent" >
    update ad_rent_behavior
    <set >
      <if test="adName != null" >
        ad_name = #{adName,jdbcType=VARCHAR},
      </if>
      <if test="adCardno != null" >
        ad_cardNo = #{adCardno,jdbcType=VARCHAR},
      </if>
      <if test="adPhone != null" >
        ad_phone = #{adPhone,jdbcType=VARCHAR},
      </if>
      <if test="rentContent != null" >
        rent_content = #{rentContent,jdbcType=VARCHAR},
      </if>
      <if test="rentNum != null" >
        rent_num = #{rentNum,jdbcType=INTEGER},
      </if>
      <if test="deposit != null" >
        deposit = #{deposit,jdbcType=DECIMAL},
      </if>
      <if test="isReturn != null" >
        is_return = #{isReturn,jdbcType=INTEGER},
      </if>
      <if test="isReturnDeposit != null" >
        is_return_deposit = #{isReturnDeposit,jdbcType=INTEGER},
      </if>
      <if test="isMoveFinancial != null" >
        is_move_financial = #{isMoveFinancial,jdbcType=INTEGER},
      </if>
      <if test="createdate != null" >
        createDate = #{createdate,jdbcType=TIMESTAMP},
      </if>
      <if test="receiveStatus != null" >
        receive_status = #{receiveStatus,jdbcType=INTEGER},
      </if>
      <if test="registerNumber != null" >
        register_number = #{registerNumber,jdbcType=VARCHAR},
      </if>
      <if test="leaseTime != null" >
        LeaseTime = #{leaseTime,jdbcType=DATE},
      </if>
      <if test="returnTime != null" >
        returnTime = #{returnTime,jdbcType=DATE},
      </if>
      <if test="agent != null" >
        agent = #{agent,jdbcType=VARCHAR},
      </if>
    </set>
    where ad_rent_id = #{adRentId,jdbcType=INTEGER}
  </update>
  <update id="updateByPrimaryKey" parameterType="com.okay.ad.entity.AdRent" >
    update ad_rent_behavior
    set ad_name = #{adName,jdbcType=VARCHAR},
      ad_cardNo = #{adCardno,jdbcType=VARCHAR},
      ad_phone = #{adPhone,jdbcType=VARCHAR},
      rent_content = #{rentContent,jdbcType=VARCHAR},
      rent_num = #{rentNum,jdbcType=INTEGER},
      deposit = #{deposit,jdbcType=DECIMAL},
      is_return = #{isReturn,jdbcType=TINYINT},
      is_return_deposit = #{isReturnDeposit,jdbcType=INTEGER},
      is_move_financial = #{isMoveFinancial,jdbcType=INTEGER},
      createDate = #{createdate,jdbcType=TIMESTAMP},
      receive_status = #{receiveStatus,jdbcType=INTEGER},
      register_number = #{registerNumber,jdbcType=VARCHAR},
      LeaseTime = #{leaseTime,jdbcType=DATE},
      returnTime = #{returnTime,jdbcType=DATE},
      agent = #{agent,jdbcType=VARCHAR}
    where ad_rent_id = #{adRentId,jdbcType=INTEGER}
  </update>


  <select id="queryDatafromIds" parameterType="list" resultMap="BaseResultMap">
    select   <include refid="Base_Column_List" />
    from ad_rent_behavior where ad_rent_id in
    <foreach collection="list" item="item" index="index" open="(" separator="," close=")">
      #{item}
    </foreach>
  </select>


  <select id="selectCount" resultType="int">
    select count(1) from ad_rent_behavior
    where 1=1
    <if test="name != null" >
      and ad_name like "%${name}%"
    </if>
    <if test="phoneNum != null" >
      and ad_phone = #{phoneNum,jdbcType=VARCHAR}
    </if>
    <if test="isReturnStatus != null" >
      and is_return = #{isReturnStatus}
    </if>
    <if test="startDate != null and  endDate != null" >
      and createDate BETWEEN #{startDate} and #{endDate}
    </if>
    <if test="receiveStatus != null" >
      and receive_status = #{receiveStatus}
    </if>
    <if test="registerNumber != null" >
      and register_number = #{registerNumber}
    </if>
  </select>

  <select id="selectAudiencdeRegisterList" resultMap="BaseResultMap">
    select   <include refid="Base_Column_List" />
    from ad_rent_behavior where 1=1
    <if test="name != null" >
      and ad_name like "%${name}%"
    </if>
    <if test="phoneNum != null" >
      and ad_phone = #{phoneNum,jdbcType=VARCHAR}
    </if>
    <if test="isReturnStatus != null" >
      and is_return = #{isReturnStatus}
    </if>
    <if test="startDate != null and  endDate != null" >
      and createDate BETWEEN #{startDate} and #{endDate}
    </if>
    <if test="receiveStatus != null" >
      and receive_status = #{receiveStatus}
    </if>
    <if test="registerNumber != null" >
      and register_number = #{registerNumber}
    </if>
    <if test="isReturnDeposit != null and isReturnDeposit != ''" >
      and is_return_deposit = #{isReturnDeposit}
    </if>
    ORDER BY createDate desc
  </select>

  <select id="insertFroExcelList" parameterType="list" >
    insert into ad_rent_behavior
    ( ad_name,
    ad_cardNo, ad_phone, rent_content,
    rent_num, deposit, is_return,
    is_return_deposit, is_move_financial ,LeaseTime
    ) VALUES
    <foreach collection="list" item="item" index="index" separator=",">
      (#{item.adName},#{item.adCardno},#{item.adPhone},#{item.rentContent},
        #{item.rentNum},#{item.deposit},#{item.isReturn},
        #{item.isReturnDeposit},#{item.isMoveFinancial},#{item.leaseTime})

      </foreach>
  </select>
  <!-- 线下行为-租用行为信息导出数据 -->
  <select id ="rentExport" resultType="map" parameterType="map">
        select
         ad_rent_id, ad_name as adName, ad_cardNo as adCardno, ad_phone as adPhone, rent_content as rentContent,
        rent_num as rentNum, deposit as deposit
        from ad_rent_behavior

    </select>

</mapper>