<?xml version="1.0" encoding="UTF-8"?>
<!DOCTYPE mapper
        PUBLIC "-//mybatis.org//DTD Mapper 3.0//EN"
        "http://mybatis.org/dtd/mybatis-3-mapper.dtd">
<mapper namespace="com.okay.ad.mapper.BookingSingleMapper">
    <resultMap id="BaseResultMap" type="com.okay.ad.entity.BookingSingle" >
        <id column="id" property="id" jdbcType="VARCHAR" />
        <result column="ticket_no" property="ticketNo" jdbcType="VARCHAR" />
        <result column="visit_name" property="visitName" jdbcType="VARCHAR" />
        <result column="certificate_type" property="certificateType" jdbcType="INTEGER" />
        <result column="certificate_no" property="certificateNo" jdbcType="VARCHAR" />
        <result column="province" property="province" jdbcType="VARCHAR" />
        <result column="city" property="city" jdbcType="VARCHAR" />
        <result column="mobile" property="mobile" jdbcType="VARCHAR" />
        <result column="status" property="status" jdbcType="INTEGER" />
        <result column="ticket_checking" property="ticketChecking" jdbcType="VARCHAR" />
        <result column="ticket_machine" property="ticketMachine" jdbcType="INTEGER" />
        <result column="temperature" property="temperature" jdbcType="INTEGER" />
        <result column="childrens" property="childrens" jdbcType="INTEGER" />
        <result column="booking_id" property="bookingId" jdbcType="VARCHAR" />
        <result column="checking_type" property="checkingType" jdbcType="INTEGER" />
        <result column="cancel_type" property="cancelType" jdbcType="INTEGER" />
        <result column="outT_status" property="outStatus" jdbcType="VARCHAR" />
        <result column="out_time" property="outTime" jdbcType="TIMESTAMP" />
        <result column="order_no" property="orderNo" jdbcType="VARCHAR" />
        <result column="tickett_ype" property="ticketType" jdbcType="INTEGER" />
        <result column="ticket_way" property="ticketWay" jdbcType="INTEGER" />
        <result column="visit_date" property="visitDate" jdbcType="TIMESTAMP" />
        <result column="visit_period" property="visitPeriod" jdbcType="INTEGER" />
        <result column="booking_type" property="bookingType" jdbcType="INTEGER" />
        <result column="booking_person" property="bookingPerson" jdbcType="VARCHAR" />
        <result column="booking_mobile" property="bookingMobile" jdbcType="VARCHAR" />
        <result column="is_charge" property="isCharge" jdbcType="INTEGER" />
    </resultMap>
    <sql id="Base_Column_List">
    id, ticket_no, visit_name, certificate_type, certificate_no,province, city,mobile, status,ticket_checking,
     ticket_machine,checking_type,temperature,childrens,booking_id,cancel_time,cancel_type,out_status,out_time,
    create_time,order_no,ticket_code,ticket_type,ticket_way,visit_date,visit_period,booking_status,
     booking_cancel_time,booking_person, booking_mobile,is_charge, count(certificate_no) as visittimes,
      DATE_FORMAT(visit_date,'%Y-%m-%d') as visitDateStr,
      case  certificate_type when 0 then '居民身份证' when 1 then '港澳通行证' when 2 then '护照' else '其他' end as certificateTypeStr,
     case status when 1 then '未参观' when 2 then '已参观' when 3 then '取消' when 4 then '已过期' else '其他' end as statusStr,
     case is_charge when 1 then '收费' when 0 then '不收费'  else '其他' end as isChargeStr,
     case ticket_way when 1 then '微信预约' when 2 then '网站预约' when 3 then '自助机取票' when 4 then '人工取票' else '其他' end as ticketWayStr
  </sql>
    <!-- 查询个人观众档案信息 -->
    <select id="selectInfo" resultType="com.okay.ad.entity.BookingSingle">
        SELECT
        a.*,
        ( SELECT DATE_FORMAT( visit_date, '%Y-%m-%d' ) FROM v_tk_booking_personal vt WHERE vt.certificate_no = a.certificate_no and status = 2 ORDER BY visit_date DESC LIMIT 1 ) visitDateStr,
        ( SELECT count( certificate_no ) AS visittimes FROM v_tk_booking_personal vt WHERE vt.certificate_no = a.certificate_no  and status = 2 ) visittimes
        FROM
        (
        SELECT
        id,
        ticket_no,
        visit_name,
        certificate_type,
        certificate_no,
        province,
        city,
        mobile,
        STATUS,
        ticket_checking,
        ticket_machine,
        checking_type,
        temperature,
        childrens,
        booking_id,
        cancel_time,
        cancel_type,
        out_status,
        out_time,
        create_time,
        order_no,
        ticket_code,
        ticket_type,
        ticket_way,
        visit_date,
        visit_period,
        booking_status,
        booking_cancel_time,
        booking_person,
        booking_mobile,
        is_charge,
        DATE_FORMAT( visit_date, '%Y-%m-%d' ) AS visitDate_T,
        CASE
        certificate_type
        WHEN 0 THEN
        '居民身份证'
        WHEN 1 THEN
        '港澳通行证'
        WHEN 2 THEN
        '护照' ELSE '其他'
        END AS certificateTypeStr,
        CASE
        STATUS
        WHEN 1 THEN
        '未参观'
        WHEN 2 THEN
        '已参观'
        WHEN 3 THEN
        '取消'
        WHEN 4 THEN
        '已过期' ELSE '其他'
        END AS statusStr,
        CASE
        is_charge
        WHEN 1 THEN
        '收费'
        WHEN 0 THEN
        '不收费' ELSE '其他'
        END AS isChargeStr,
        CASE
        ticket_way
        WHEN 1 THEN
        '微信预约'
        WHEN 2 THEN
        '网站预约'
        WHEN 3 THEN
        '自助机取票'
        WHEN 4 THEN
        '人工取票' ELSE '其他'
        END AS ticketWayStr
        FROM
        v_tk_booking_personal
        WHERE
        1 = 1
        ) a
        WHERE status = 2
        <if test="visitName != null and visitName !=''">
            and a.visit_name like CONCAT('%',#{visitName},'%')
        </if>
        <if test="ticketWay != null ">
            and a.ticket_way = #{ticketWay,jdbcType=INTEGER}
        </if>
        <if test="startVisitDate != null ">
            and a.visit_date  &gt;= CONCAT(#{startVisitDate},' 00:00:00')
        </if>
        <if test="endVisitDate != null ">
            and a.visit_date  &lt;= CONCAT(#{endVisitDate},' 23:59:59')
        </if>
        GROUP BY certificate_no
        limit #{PageNo},#{PageLimit}
    </select>
    <!-- 根据id获取数据 -->
    <select id="findById" resultMap="BaseResultMap" parameterType="java.lang.String" >
        select
        <include refid="Base_Column_List" />
        from v_tk_booking_personal
        where id = #{singleId,jdbcType=INTEGER}
    </select>
    <!--根据条件获取数据总量-->
    <select id="selectInfoCount" resultType="java.lang.Integer">
        select
        count(distinct certificate_no) as count
        from v_tk_booking_personal  where 1=1 and status = 2
        <if test="visitName != null and visitName !=''">
            and visit_name like CONCAT('%',#{visitName},'%')
        </if>
        <if test="ticketWay != null ">
            and ticket_way = #{ticketWay,jdbcType=INTEGER}
        </if>
        <if test="startVisitDate != null ">
            and visit_date  &gt;= CONCAT(#{startVisitDate},' 00:00:00')
        </if>
        <if test="endVisitDate != null ">
            and visit_date  &lt;= CONCAT(#{endVisitDate},' 23:59:59')
        </if>
    </select>
    <!-- 获取个人门票预约列表 -->
    <select id="getTicketList" resultType="com.okay.ad.entity.BookingSingle">
        SELECT
        id, ticket_no, visit_name, certificate_type, certificate_no,province, city,mobile, status,ticket_checking,
        ticket_machine,checking_type,temperature,childrens,booking_id,cancel_time,cancel_type,out_status,out_time,
        create_time,order_no,ticket_code,ticket_type,ticket_way,visit_date,visit_period,booking_status,
        booking_cancel_time,booking_person, booking_mobile,is_charge,
        DATE_FORMAT(visit_date,'%Y-%m-%d') as visitDateStr,
        case  certificate_type when 0 then '居民身份证' when 1 then '港澳通行证' when 2 then '护照' else '其他' end as certificateTypeStr,
        case status when 1 then '未参观' when 2 then '已参观' when 3 then '取消' when 4 then '已过期' else '其他' end as statusStr,
        case is_charge when 1 then '收费' when 0 then '不收费'  else '其他' end as isChargeStr,
        case ticket_way when 1 then '微信预约' when 2 then '网站预约' when 3 then '自助机取票' when 4 then '人工取票' else '其他' end as ticketWayStr
        from  v_tk_booking_personal  where 1= 1 and ticket_type=1
        <if test="ticketNo != null and ticketNo != ''" >
            and ticket_no like CONCAT('%',#{ticketNo},'%')
        </if>
        <if test="visitName != null  and visitName != '' ">
            and visit_name like CONCAT('%',#{visitName},'%')
        </if>
        <if test="startVisitDate != null ">
            and visit_date  &gt;= CONCAT(#{startVisitDate},' 00:00:00')
        </if>
        <if test="endVisitDate != null ">
            and visit_date  &lt;= CONCAT(#{endVisitDate},' 23:59:59')
        </if>
        ORDER  BY  create_time DESC  limit #{pageNo},#{pageSize}
    </select>

    <!--获取个人门票预约总数 -->
    <select id="getTicketListCount" resultType="java.lang.Integer">
        SELECT count(1)  from  v_tk_booking_personal  where 1= 1 and ticket_type=1
        <if test="ticketNo != null and ticketNo != ''" >
            and ticket_no like CONCAT('%',#{ticketNo},'%')
        </if>
        <if test="visitName != null  and visitName != '' ">
            and visit_name like CONCAT('%',#{visitName},'%')
        </if>
        <if test="startVisitDate != null ">
            and visit_date  &gt;= CONCAT(#{startVisitDate},' 00:00:00')
        </if>
        <if test="endVisitDate != null ">
            and visit_date  &lt;= CONCAT(#{endVisitDate},' 23:59:59')
        </if>
    </select>
    <!-- 获取活动讲座预约列表 -->
    <select id="getActTicketList" resultType="com.okay.ad.entity.BookingSingle">
        SELECT   id, ticket_no, visit_name, certificate_type, certificate_no,province, city,mobile, status,ticket_checking,
        ticket_machine,checking_type,temperature,childrens,booking_id,cancel_time,cancel_type,out_status,out_time,
        create_time,order_no,ticket_code,ticket_type,ticket_way,visit_date,visit_period,booking_status,
        booking_cancel_time,booking_person, booking_mobile,is_charge,
        DATE_FORMAT(visit_date,'%Y-%m-%d') as visitDateStr,
        case  certificate_type when 0 then '居民身份证' when 1 then '港澳通行证' when 2 then '护照' else '其他' end as certificateTypeStr,
        case status when 1 then '未参观' when 2 then '已参观' when 3 then '取消' when 4 then '已过期' else '其他' end as statusStr,
        case is_charge when 1 then '收费' when 0 then '不收费'  else '其他' end as isChargeStr,
        case ticket_way when 1 then '微信预约' when 2 then '网站预约' when 3 then '自助机取票' when 4 then '人工取票' else '其他' end as ticketWayStr
        from  v_tk_booking_personal  where 1= 1 and (ticket_type=2 or ticket_type=3)
        <if test="ticketNo != null and ticketNo != ''" >
            and ticket_no like CONCAT('%',#{ticketNo},'%')
        </if>
        <if test="visitName != null  and visitName != '' ">
            and visit_name like CONCAT('%',#{visitName},'%')
        </if>
        <if test="startVisitDate != null ">
            and visit_date  &gt;= CONCAT(#{startVisitDate},' 00:00:00')
        </if>
        <if test="endVisitDate != null ">
            and visit_date  &lt;= CONCAT(#{endVisitDate},' 23:59:59')
        </if>
        ORDER  BY  create_time DESC limit #{pageNo},#{pageSize}
    </select>

    <!--获取活动讲座预约总数-->
    <select id="getActTicketListCount" resultType="java.lang.Integer">
        SELECT count(1)  from  v_tk_booking_personal  where 1= 1 and (ticket_type=2 or ticket_type=3)
        <if test="ticketNo != null and ticketNo != ''" >
            and ticket_no like CONCAT('%',#{ticketNo},'%')
        </if>
        <if test="visitName != null  and visitName != '' ">
            and visit_name like CONCAT('%',#{visitName},'%')
        </if>
        <if test="startVisitDate != null ">
            and visit_date  &gt;= CONCAT(#{startVisitDate},' 00:00:00')
        </if>
        <if test="endVisitDate != null ">
            and visit_date  &lt;= CONCAT(#{endVisitDate},' 23:59:59')
        </if>
    </select>
    <!-- 线上行为-个人预约信息导出数据 -->
    <select id ="personExport" resultType="map" parameterType="map">
        select  ticket_no as ticketNo, visit_name as visitName,
      case  certificate_type when 0 then '居民身份证' when 1 then '港澳通行证' when 2 then '护照' else '其他' end as certificateTypeStr,
       certificate_no as certificateNo,mobile as mobile,
       case status when 1 then '未参观' when 2 then '已参观' when 3 then '取消' when 4 then '已过期' else '其他' end as statusStr,
       DATE_FORMAT(visit_date,'%Y-%m-%d') as visitDateStr
        from v_tk_booking_personal where 1=1 and ticket_type=1

    </select>
    <!-- 线上行为-活动讲座信息导出数据 -->
    <select id ="actExport" resultType="map" parameterType="map">
        select  ticket_no as ticketNo, visit_name as visitName,
      case  certificate_type when 0 then '居民身份证' when 1 then '港澳通行证' when 2 then '护照' else '其他' end as certificateTypeStr,
       certificate_no as certificateNo,mobile as mobile,
       case status when 1 then '未参观' when 2 then '已参观' when 3 then '取消' when 4 then '已过期' else '其他' end as statusStr,
       DATE_FORMAT(visit_date,'%Y-%m-%d') as visitDateStr,
       case is_charge when 1 then '收费' when 0 then '不收费'  else '其他' end as isChargeStr
        from v_tk_booking_personal where 1=1 and (ticket_type=2 or ticket_type=3)

    </select>
</mapper>
