<?xml version="1.0" encoding="UTF-8" ?>
<!DOCTYPE mapper PUBLIC "-//mybatis.org//DTD Mapper 3.0//EN" "http://mybatis.org/dtd/mybatis-3-mapper.dtd" >
<mapper namespace="com.okay.ad.mapper.MultimediaMapper" >

	<!-- 用户关注数 start -->
	<!-- 本周 -->
	<select id="userCumulateWeek" resultType="java.util.Map">
		SELECT
			date_format(a.ref_date, '%Y-%m-%d') AS X,
			MAX(a.cumulate_user) AS Y
		FROM
			wx_usercumulate a
		WHERE
			YEARWEEK(date_format(a.ref_date, '%Y-%m-%d'),1) = YEARWEEK(date_format(#{time}, '%Y-%m-%d'),1)
		GROUP BY
			date_format(a.ref_date, '%Y-%m-%d')
	</select>

	<!-- 本月 -->
	<select id="userCumulateMonth" resultType="java.util.Map">
		SELECT
			date_format(a.ref_date, '%Y-%m-%d') AS X,
			MAX(a.cumulate_user) AS Y
		FROM
			wx_usercumulate a
		WHERE
			date_format(a.ref_date, '%Y-%m') = date_format(#{time}, '%Y-%m')
		GROUP BY
			date_format(a.ref_date, '%Y-%m-%d')
	</select>

	<!-- 本年 -->
	<select id="userCumulateYear" resultType="java.util.Map">
		SELECT
			date_format(a.ref_date, '%Y-%m') AS X,
			MAX(a.cumulate_user) AS Y
		FROM
			wx_usercumulate a
		WHERE
			date_format(a.ref_date, '%Y') = date_format(#{time}, '%Y')
		GROUP BY
			date_format(a.ref_date, '%Y-%m')
	</select>
	<!-- 用户关注数 end -->

	<!-- 新增用户关注 start -->
	<!-- 本周 -->
	<select id="userSummaryWeek" resultType="java.util.Map">
		SELECT
			user_source,
			SUM(a.new_user) AS newUser,
			SUM(a.cancel_user) AS cancelUser
		FROM
			wx_usersummary a
		WHERE
				YEARWEEK(date_format(a.ref_date, '%Y-%m-%d'),1) = YEARWEEK(date_format(#{time}, '%Y-%m-%d'),1)
		GROUP BY
			user_source
	</select>

	<!-- 本月 -->
	<select id="userSummaryMonth" resultType="java.util.Map">
		SELECT
			user_source ,
			SUM(a.new_user) AS newUser,
			SUM(a.cancel_user) AS cancelUser
		FROM
			wx_usersummary a
		WHERE
			date_format(a.ref_date, '%Y-%m') = date_format(#{time}, '%Y-%m')
		GROUP BY
			user_source
	</select>

	<!-- 本年 -->
	<select id="userSummaryYear" resultType="java.util.Map">
		SELECT
			user_source ,
			SUM(a.new_user) AS newUser,
			SUM(a.cancel_user) AS cancelUser
		FROM
			wx_usersummary a
		WHERE
			date_format(a.ref_date, '%Y') = date_format(#{time}, '%Y')
		GROUP BY
			user_source
	</select>
	<!-- 新增用户关注 end -->

	<!-- 文章热度 start -->
	<!-- 本周 -->
	<select id="articleHotWeek" resultType="java.util.Map">
		SELECT
			date_format(a.ref_date, '%Y-%m-%d') AS exDate,
			SUM(a.int_page_read_count) AS read_count,
			SUM(a.share_count) AS share_count,
			SUM(a.add_to_fav_count) AS add_to_fav_count
		FROM
			wx_articlesummary a
		WHERE
				YEARWEEK(date_format(a.ref_date, '%Y-%m-%d'),1) = YEARWEEK(date_format(#{time}, '%Y-%m-%d'),1)
		GROUP BY
			date_format(a.ref_date, '%Y-%m-%d')
	</select>

	<!-- 本月 -->
	<select id="articleHotMonth" resultType="java.util.Map">
		SELECT
			date_format(a.ref_date, '%Y-%m-%d') AS exDate,
			0 AS newuserscount,
			SUM(a.int_page_read_count) AS read_count,
			SUM(a.share_count) AS share_count,
			SUM(a.add_to_fav_count) AS add_to_fav_count
		FROM
			wx_articlesummary a
		WHERE
				date_format(a.ref_date, '%Y-%m') = date_format(#{time}, '%Y-%m')
		GROUP BY
			date_format(a.ref_date, '%Y-%m-%d')
	</select>

	<!-- 本年 -->
	<select id="articleHotYear" resultType="java.util.Map">
		SELECT
			date_format(a.ref_date, '%Y-%m') AS exDate,
			SUM(a.int_page_read_count) AS read_count,
			SUM(a.share_count) AS share_count,
			SUM(a.add_to_fav_count) AS add_to_fav_count
		FROM
			wx_articlesummary a
		WHERE
			date_format(a.ref_date, '%Y') = date_format(#{time}, '%Y')
		GROUP BY
			date_format(a.ref_date, '%Y-%m')
	</select>
	<!-- 文章热度 end -->


   <select id="selectweek" resultType="java.util.Map">
    SELECT
	m.exDate AS exDate,
	SUM(m.newuserscount) AS newuserscount,
	SUM(m.read_count) AS read_count,
	SUM(m.share_count) AS share_count,
	SUM(m.add_to_fav_count) AS add_to_fav_count
FROM
	(
		SELECT
			date_format(s.ref_date, '%Y-%m-%d') AS exDate,
			SUM(s.new_user) AS newuserscount,
			0 AS read_count,
			0 AS share_count,
			0 AS add_to_fav_count
		FROM
			wx_userstatisics s
		WHERE
			YEARWEEK(
				date_format(s.ref_date, '%Y-%m-%d'),1
			) = YEARWEEK(
				date_format(NOW(), '%Y-%m-%d'),1
			)
		GROUP BY
			date_format(s.ref_date, '%Y-%m-%d')
		UNION
			SELECT
				date_format(a.ref_date, '%Y-%m-%d') AS exDate,
				0 AS newuserscount,
				SUM(a.read_count) AS read_count,
				SUM(a.share_count) AS share_count,
				SUM(a.add_to_fav_count) AS add_to_fav_count
			FROM
				wx_articlestatisics a
			WHERE
				YEARWEEK(
					date_format(a.ref_date, '%Y-%m-%d'),1
				) = YEARWEEK(
					date_format(NOW(), '%Y-%m-%d'),1
				)
			GROUP BY
				date_format(a.ref_date, '%Y-%m-%d')
	) m
GROUP BY
	DATE_FORMAT(m.exDate, '%Y-%m-%d')
</select>

    <select id="selectmonth" resultType="java.util.Map" statementType="CALLABLE">
    SELECT
	m.exDate AS exDate,
	SUM(m.newuserscount) AS newuserscount,
	SUM(m.read_count) AS read_count,
	SUM(m.share_count) AS share_count,
	SUM(m.add_to_fav_count) AS add_to_fav_count
FROM
	(
		SELECT
			date_format(s.ref_date, '%Y-%m-%d') AS exDate,
			SUM(s.new_user) AS newuserscount,
			0 AS read_count,
			0 AS share_count,
			0 AS add_to_fav_count
		FROM
			wx_userstatisics s
		WHERE
			date_format(s.ref_date, '%Y-%m') = date_format(#{time}, '%Y-%m')
		GROUP BY
			date_format(s.ref_date, '%Y-%m-%d')
		UNION
			SELECT
				date_format(a.ref_date, '%Y-%m-%d') AS exDate,
				0 AS newuserscount,
				SUM(a.read_count) AS read_count,
				SUM(a.share_count) AS share_count,
				SUM(a.add_to_fav_count) AS add_to_fav_count
			FROM
				wx_articlestatisics a
			WHERE
				date_format(a.ref_date, '%Y-%m') = date_format(#{time}, '%Y-%m')
			GROUP BY
				date_format(a.ref_date, '%Y-%m-%d')
	) m
GROUP BY
	DATE_FORMAT(m.exDate, '%Y-%m-%d')
    </select>

    <select id="selectyear" resultType="java.util.Map">
    SELECT
	m.exDate AS exDate,
	SUM(m.newuserscount) AS newuserscount,
	SUM(m.read_count) AS read_count,
	SUM(m.share_count) AS share_count,
	SUM(m.add_to_fav_count) AS add_to_fav_count
FROM
	(
		SELECT
			date_format(s.ref_date, '%Y-%m') AS exDate,
			SUM(s.new_user) AS newuserscount,
			0 AS read_count,
			0 AS share_count,
			0 AS add_to_fav_count
		FROM
			wx_userstatisics s
		WHERE
			date_format(s.ref_date, '%Y') = date_format(now(), '%Y')
		GROUP BY
			date_format(s.ref_date, '%Y-%m')
		UNION
			SELECT
				date_format(a.ref_date, '%Y-%m') AS exDate,
				0 AS newuserscount,
				SUM(a.read_count) AS read_count,
				SUM(a.share_count) AS share_count,
				SUM(a.add_to_fav_count) AS add_to_fav_count
			FROM
				wx_articlestatisics a
			WHERE
				date_format(a.ref_date, '%Y') = date_format(now(), '%Y')
			GROUP BY
				date_format(a.ref_date, '%Y-%m')
	) m
GROUP BY
	m.exDate
    </select>


    <select id="selectVisitweek" resultType="java.util.Map">
        select * from visit_week
    </select>

    <select id="selectVisitmonth" resultType="java.util.Map" statementType="CALLABLE">
        CALL selectVisitMONTH(#{time})
    </select>

    <select id="selectVisityear" resultType="java.util.Map">
        select * from visit_year
    </select>

    <!--微信评论 暂时用着其他数据-->
    <select id="selectCommentweek" resultType="java.util.Map">
        select * from view_wx_comment_data_week
    </select>

    <select id="selectCommentmonth" resultType="java.util.Map" statementType="CALLABLE">
        CALL selectCommentMONTH(#{time})
    </select>

    <select id="selectCommentyear" resultType="java.util.Map">
        select * from view_wx_comment_data_year
    </select>

</mapper>
