<?xml version="1.0" encoding="UTF-8" ?>
<!DOCTYPE mapper PUBLIC "-//mybatis.org//DTD Mapper 3.0//EN" "http://mybatis.org/dtd/mybatis-3-mapper.dtd" >
<mapper namespace="com.okay.ad.mapper.OptionMapper" >
  <resultMap id="BaseResultMap" type="com.okay.ad.entity.Option" >
    <id column="OPTIONSID" property="optionsid" jdbcType="INTEGER" />
    <result column="QUESID" property="quesid" jdbcType="INTEGER" />
    <result column="OPTIONSTITLE" property="optionstitle" jdbcType="VARCHAR" />
    <result column="CREATUSER" property="creatuser" jdbcType="VARCHAR" />
    <result column="CREATTIME" property="creattime" jdbcType="TIMESTAMP" />
    <result column="UPDATEUSER" property="updateuser" jdbcType="VARCHAR" />
    <result column="UPDATETIME" property="updatetime" jdbcType="TIMESTAMP" />
  </resultMap>
  <resultMap id="ResultMapWithBLOBs" type="com.okay.ad.entity.Option" extends="BaseResultMap" >
    <result column="SUMMARY" property="summary" jdbcType="LONGVARCHAR" />
  </resultMap>
  <sql id="Base_Column_List" >
    OPTIONSID, QUESID, OPTIONSTITLE, CREATUSER, CREATTIME, UPDATEUSER, UPDATETIME
  </sql>
  <sql id="Blob_Column_List" >
    SUMMARY
  </sql>
  <select id="selectByPrimaryKey" resultMap="ResultMapWithBLOBs" parameterType="java.lang.Integer" >
    select 
    <include refid="Base_Column_List" />
    ,
    <include refid="Blob_Column_List" />
    from ad_options
    where OPTIONSID = #{optionsid,jdbcType=INTEGER}
  </select>
  <delete id="deleteByPrimaryKey" parameterType="java.lang.Integer" >
    delete from ad_options
    where OPTIONSID = #{optionsid,jdbcType=INTEGER}
  </delete>
  <insert id="insert" parameterType="com.okay.ad.entity.Option" >
    insert into ad_options (OPTIONSID, QUESID, OPTIONSTITLE,
      CREATUSER, CREATTIME, UPDATEUSER, 
      UPDATETIME, SUMMARY)
    values (#{optionsid,jdbcType=INTEGER}, #{quesid,jdbcType=INTEGER}, #{optionstitle,jdbcType=VARCHAR}, 
      #{creatuser,jdbcType=VARCHAR}, #{creattime,jdbcType=TIMESTAMP}, #{updateuser,jdbcType=VARCHAR}, 
      #{updatetime,jdbcType=TIMESTAMP}, #{summary,jdbcType=LONGVARCHAR})
  </insert>
  <insert id="insertSelective" parameterType="com.okay.ad.entity.Option" >
    insert into ad_options
    <trim prefix="(" suffix=")" suffixOverrides="," >
      <if test="optionsid != null" >
        OPTIONSID,
      </if>
      <if test="quesid != null" >
        QUESID,
      </if>
      <if test="optionstitle != null" >
        OPTIONSTITLE,
      </if>
      <if test="creatuser != null" >
        CREATUSER,
      </if>
      <if test="creattime != null" >
        CREATTIME,
      </if>
      <if test="updateuser != null" >
        UPDATEUSER,
      </if>
      <if test="updatetime != null" >
        UPDATETIME,
      </if>
      <if test="summary != null" >
        SUMMARY,
      </if>
    </trim>
    <trim prefix="values (" suffix=")" suffixOverrides="," >
      <if test="optionsid != null" >
        #{optionsid,jdbcType=INTEGER},
      </if>
      <if test="quesid != null" >
        #{quesid,jdbcType=INTEGER},
      </if>
      <if test="optionstitle != null" >
        #{optionstitle,jdbcType=VARCHAR},
      </if>
      <if test="creatuser != null" >
        #{creatuser,jdbcType=VARCHAR},
      </if>
      <if test="creattime != null" >
        #{creattime,jdbcType=TIMESTAMP},
      </if>
      <if test="updateuser != null" >
        #{updateuser,jdbcType=VARCHAR},
      </if>
      <if test="updatetime != null" >
        #{updatetime,jdbcType=TIMESTAMP},
      </if>
      <if test="summary != null" >
        #{summary,jdbcType=LONGVARCHAR},
      </if>
    </trim>
  </insert>
  <update id="updateByPrimaryKeySelective" parameterType="com.okay.ad.entity.Option" >
    update ad_options
    <set >
      <if test="quesid != null" >
        QUESID = #{quesid,jdbcType=INTEGER},
      </if>
      <if test="optionstitle != null" >
        OPTIONSTITLE = #{optionstitle,jdbcType=VARCHAR},
      </if>
      <if test="creatuser != null" >
        CREATUSER = #{creatuser,jdbcType=VARCHAR},
      </if>
      <if test="creattime != null" >
        CREATTIME = #{creattime,jdbcType=TIMESTAMP},
      </if>
      <if test="updateuser != null" >
        UPDATEUSER = #{updateuser,jdbcType=VARCHAR},
      </if>
      <if test="updatetime != null" >
        UPDATETIME = #{updatetime,jdbcType=TIMESTAMP},
      </if>
      <if test="summary != null" >
        SUMMARY = #{summary,jdbcType=LONGVARCHAR},
      </if>
    </set>
    where OPTIONSID = #{optionsid,jdbcType=INTEGER}
  </update>
  <update id="updateByPrimaryKeyWithBLOBs" parameterType="com.okay.ad.entity.Option" >
    update ad_options
    set QUESID = #{quesid,jdbcType=INTEGER},
      OPTIONSTITLE = #{optionstitle,jdbcType=VARCHAR},
      CREATUSER = #{creatuser,jdbcType=VARCHAR},
      CREATTIME = #{creattime,jdbcType=TIMESTAMP},
      UPDATEUSER = #{updateuser,jdbcType=VARCHAR},
      UPDATETIME = #{updatetime,jdbcType=TIMESTAMP},
      SUMMARY = #{summary,jdbcType=LONGVARCHAR}
    where OPTIONSID = #{optionsid,jdbcType=INTEGER}
  </update>
  <update id="updateByPrimaryKey" parameterType="com.okay.ad.entity.Option" >
    update ad_options
    set QUESID = #{quesid,jdbcType=INTEGER},
      OPTIONSTITLE = #{optionstitle,jdbcType=VARCHAR},
      CREATUSER = #{creatuser,jdbcType=VARCHAR},
      CREATTIME = #{creattime,jdbcType=TIMESTAMP},
      UPDATEUSER = #{updateuser,jdbcType=VARCHAR},
      UPDATETIME = #{updatetime,jdbcType=TIMESTAMP}
    where OPTIONSID = #{optionsid,jdbcType=INTEGER}
  </update>


  <select id="batchInsert" parameterType="list" >
    insert into ad_options
    ( QUESID,
    OPTIONSTITLE
    ) VALUES
    <foreach collection="list" item="item" index="index" separator=",">
      (#{item.quesid},#{item.optionstitle})
    </foreach>
  </select>
  <select id="selectByQuestionId" parameterType="list" resultMap="BaseResultMap">
    select ad_options.OPTIONSID,ad_options.OPTIONSTITLE,ad_options.QUESID
    from ad_options where ad_options.QUESID in
    <foreach collection="list" item="item" index="index" open="(" separator="," close=")">
      #{item.quesid}
    </foreach>
    GROUP BY ad_options.OPTIONSID
  </select>
  <delete id="deleteByQuesId" parameterType="java.lang.Integer" >
    delete from ad_options
    where quesid = #{quesid,jdbcType=INTEGER}
  </delete>
  <select id="selectByQuesId" parameterType="java.lang.Integer" resultMap="BaseResultMap">
    select OPTIONSID,OPTIONSTITLE,QUESID
    from ad_options where ad_options.QUESID = #{item.quesid}
  </select>
  <select id="selectMapByQuesId" parameterType="java.lang.Integer" resultType="java.util.HashMap">
      select  optionsid,IFNULL(optionstitle,"") as optionstitle,quesid
    from ad_options where ad_options.QUESID = #{item.quesid}
  </select>
    <select id="selectMapByQuesIdfromanswer" parameterType="java.lang.Integer" resultType="java.util.HashMap">
        select optionsid as value,IFNULL(optionstitle,"") as name
        from ad_options where ad_options.QUESID = #{quesid}
    </select>

    <select id="selectIDbyoptionsid" parameterType="java.lang.Integer" resultType="com.okay.ad.entity.Record">

        SELECT  t1.QUESID as quesid,t1.OPTIONSID as answer from ad_options as t1  where
        t1.OPTIONSID =#{optionsid}
    </select>
</mapper>