<?xml version="1.0" encoding="UTF-8" ?>
<!DOCTYPE mapper PUBLIC "-//mybatis.org//DTD Mapper 3.0//EN" "http://mybatis.org/dtd/mybatis-3-mapper.dtd" >
<mapper namespace="com.okay.ad.mapper.PtQuestionNaireMapper" >
  <resultMap id="BaseResultMap" type="com.okay.ad.entity.PtQuestionNaire" >
    <id column="NAIREID" property="naireid" jdbcType="INTEGER" />
    <result column="NAIRETITLE" property="nairetitle" jdbcType="VARCHAR" />
    <result column="PUBSTATUS" property="pubstatus" jdbcType="INTEGER" />
    <result column="CREATUSER" property="creatuser" jdbcType="VARCHAR" />
    <result column="CREATTIME" property="creattime" jdbcType="TIMESTAMP" />
    <result column="UPDATEUSER" property="updateuser" jdbcType="VARCHAR" />
    <result column="UPDATETIME" property="updatetime" jdbcType="TIMESTAMP" />
  </resultMap>
  <resultMap id="ResultMapWithBLOBs" type="com.okay.ad.entity.PtQuestionNaire" extends="BaseResultMap" >
    <result column="SUMMARY" property="summary" jdbcType="LONGVARCHAR" />
  </resultMap>
  <sql id="Base_Column_List" >
    NAIREID, NAIRETITLE, PUBSTATUS, CREATUSER, CREATTIME, UPDATEUSER, UPDATETIME
  </sql>
  <sql id="Blob_Column_List" >
    SUMMARY
  </sql>
  <select id="selectByPrimaryKey" resultMap="ResultMapWithBLOBs" parameterType="java.lang.Integer" >
    select 
    <include refid="Base_Column_List" />
    ,
    <include refid="Blob_Column_List" />
    from pt_questionnaire
    where NAIREID = #{naireid,jdbcType=INTEGER}
  </select>
  <delete id="deleteByPrimaryKey" parameterType="java.lang.Integer" >
    delete from pt_questionnaire
    where NAIREID = #{naireid,jdbcType=INTEGER}
  </delete>
  <insert id="insert" parameterType="com.okay.ad.entity.PtQuestionNaire" >
    insert into pt_questionnaire (NAIREID, NAIRETITLE, PUBSTATUS, 
      CREATUSER, CREATTIME, UPDATEUSER, 
      UPDATETIME, SUMMARY)
    values (#{naireid,jdbcType=INTEGER}, #{nairetitle,jdbcType=VARCHAR}, #{pubstatus,jdbcType=INTEGER}, 
      #{creatuser,jdbcType=VARCHAR}, #{creattime,jdbcType=TIMESTAMP}, #{updateuser,jdbcType=VARCHAR}, 
      #{updatetime,jdbcType=TIMESTAMP}, #{summary,jdbcType=LONGVARCHAR})
  </insert>
  <insert id="insertSelective" parameterType="com.okay.ad.entity.PtQuestionNaire" >
    insert into pt_questionnaire
    <trim prefix="(" suffix=")" suffixOverrides="," >
      <if test="naireid != null" >
        NAIREID,
      </if>
      <if test="nairetitle != null" >
        NAIRETITLE,
      </if>
      <if test="pubstatus != null" >
        PUBSTATUS,
      </if>
      <if test="creatuser != null" >
        CREATUSER,
      </if>
      <if test="creattime != null" >
        CREATTIME,
      </if>
      <if test="updateuser != null" >
        UPDATEUSER,
      </if>
      <if test="updatetime != null" >
        UPDATETIME,
      </if>
      <if test="summary != null" >
        SUMMARY,
      </if>
    </trim>
    <trim prefix="values (" suffix=")" suffixOverrides="," >
      <if test="naireid != null" >
        #{naireid,jdbcType=INTEGER},
      </if>
      <if test="nairetitle != null" >
        #{nairetitle,jdbcType=VARCHAR},
      </if>
      <if test="pubstatus != null" >
        #{pubstatus,jdbcType=INTEGER},
      </if>
      <if test="creatuser != null" >
        #{creatuser,jdbcType=VARCHAR},
      </if>
      <if test="creattime != null" >
        #{creattime,jdbcType=TIMESTAMP},
      </if>
      <if test="updateuser != null" >
        #{updateuser,jdbcType=VARCHAR},
      </if>
      <if test="updatetime != null" >
        #{updatetime,jdbcType=TIMESTAMP},
      </if>
      <if test="summary != null" >
        #{summary,jdbcType=LONGVARCHAR},
      </if>
    </trim>
  </insert>
  <update id="updateByPrimaryKeySelective" parameterType="com.okay.ad.entity.PtQuestionNaire" >
    update pt_questionnaire
    <set >
      <if test="nairetitle != null" >
        NAIRETITLE = #{nairetitle,jdbcType=VARCHAR},
      </if>
      <if test="pubstatus != null" >
        PUBSTATUS = #{pubstatus,jdbcType=INTEGER},
      </if>
      <if test="creatuser != null" >
        CREATUSER = #{creatuser,jdbcType=VARCHAR},
      </if>
      <if test="creattime != null" >
        CREATTIME = #{creattime,jdbcType=TIMESTAMP},
      </if>
      <if test="updateuser != null" >
        UPDATEUSER = #{updateuser,jdbcType=VARCHAR},
      </if>
      <if test="updatetime != null" >
        UPDATETIME = #{updatetime,jdbcType=TIMESTAMP},
      </if>
      <if test="summary != null" >
        SUMMARY = #{summary,jdbcType=LONGVARCHAR},
      </if>
    </set>
    where NAIREID = #{naireid,jdbcType=INTEGER}
  </update>
  <update id="updateByPrimaryKeyWithBLOBs" parameterType="com.okay.ad.entity.PtQuestionNaire" >
    update pt_questionnaire
    set NAIRETITLE = #{nairetitle,jdbcType=VARCHAR},
      PUBSTATUS = #{pubstatus,jdbcType=INTEGER},
      CREATUSER = #{creatuser,jdbcType=VARCHAR},
      CREATTIME = #{creattime,jdbcType=TIMESTAMP},
      UPDATEUSER = #{updateuser,jdbcType=VARCHAR},
      UPDATETIME = #{updatetime,jdbcType=TIMESTAMP},
      SUMMARY = #{summary,jdbcType=LONGVARCHAR}
    where NAIREID = #{naireid,jdbcType=INTEGER}
  </update>
  <update id="updateByPrimaryKey" parameterType="com.okay.ad.entity.PtQuestionNaire" >
    update pt_questionnaire
    set NAIRETITLE = #{nairetitle,jdbcType=VARCHAR},
      PUBSTATUS = #{pubstatus,jdbcType=INTEGER},
      CREATUSER = #{creatuser,jdbcType=VARCHAR},
      CREATTIME = #{creattime,jdbcType=TIMESTAMP},
      UPDATEUSER = #{updateuser,jdbcType=VARCHAR},
      UPDATETIME = #{updatetime,jdbcType=TIMESTAMP}
    where NAIREID = #{naireid,jdbcType=INTEGER}
  </update>
</mapper>