<?xml version="1.0" encoding="UTF-8" ?>
<!DOCTYPE mapper PUBLIC "-//mybatis.org//DTD Mapper 3.0//EN" "http://mybatis.org/dtd/mybatis-3-mapper.dtd" >
<mapper namespace="com.okay.ad.mapper.QuestionMapper" >
  <resultMap id="BaseResultMap" type="com.okay.ad.entity.Question" >
    <id column="QUESID" property="quesid" jdbcType="INTEGER" />
    <result column="NAIREID" property="naireid" jdbcType="INTEGER" />
    <result column="QUESTITLE" property="questitle" jdbcType="VARCHAR" />
    <result column="PUBSTATUS" property="pubstatus" jdbcType="INTEGER" />
    <result column="CREATUSER" property="creatuser" jdbcType="VARCHAR" />
    <result column="CREATTIME" property="creattime" jdbcType="TIMESTAMP" />
    <result column="UPDATEUSER" property="updateuser" jdbcType="VARCHAR" />
    <result column="UPDATETIME" property="updatetime" jdbcType="TIMESTAMP" />
    <result column="ISRADIO" property="isRadio" jdbcType="INTEGER" />
  </resultMap>
  <resultMap id="ResultMapWithBLOBs" type="com.okay.ad.entity.Question" extends="BaseResultMap" >
    <result column="SUMMARY" property="summary" jdbcType="LONGVARCHAR" />
  </resultMap>
  <sql id="Base_Column_List" >
    QUESID, NAIREID, QUESTITLE, PUBSTATUS, CREATUSER, CREATTIME, UPDATEUSER, UPDATETIME
  </sql>
  <sql id="Blob_Column_List" >
    SUMMARY
  </sql>
  <select id="selectByPrimaryKey" resultMap="ResultMapWithBLOBs" parameterType="java.lang.Integer" >
    select 
    <include refid="Base_Column_List" />
    ,
    <include refid="Blob_Column_List" />
    from ad_question
    where QUESID = #{quesid,jdbcType=INTEGER}
  </select>
  <delete id="deleteByPrimaryKey" parameterType="java.lang.Integer" >
    delete from ad_question
    where QUESID = #{quesid,jdbcType=INTEGER}
  </delete>
  <insert id="insert" parameterType="com.okay.ad.entity.Question" >
    insert into ad_question (QUESID, NAIREID, QUESTITLE,
      PUBSTATUS, CREATUSER, CREATTIME, 
      UPDATEUSER, UPDATETIME, SUMMARY
      )
    values (#{quesid,jdbcType=INTEGER}, #{naireid,jdbcType=INTEGER}, #{questitle,jdbcType=VARCHAR}, 
      #{pubstatus,jdbcType=INTEGER}, #{creatuser,jdbcType=VARCHAR}, #{creattime,jdbcType=TIMESTAMP}, 
      #{updateuser,jdbcType=VARCHAR}, #{updatetime,jdbcType=TIMESTAMP}, #{summary,jdbcType=LONGVARCHAR}
      )
  </insert>
  <insert id="insertSelective" parameterType="com.okay.ad.entity.Question" useGeneratedKeys="true" keyProperty="quesid">
    insert into ad_question
    <trim prefix="(" suffix=")" suffixOverrides="," >
      <if test="quesid != null" >
        QUESID,
      </if>
      <if test="naireid != null" >
        NAIREID,
      </if>
      <if test="questitle != null" >
        QUESTITLE,
      </if>
      <if test="pubstatus != null" >
        PUBSTATUS,
      </if>
      <if test="creatuser != null" >
        CREATUSER,
      </if>
      <if test="creattime != null" >
        CREATTIME,
      </if>
      <if test="updateuser != null" >
        UPDATEUSER,
      </if>
      <if test="updatetime != null" >
        UPDATETIME,
      </if>
      <if test="summary != null" >
        SUMMARY,
      </if>
      <if test="isRadio != null" >
        ISRADIO,
      </if>
    </trim>
    <trim prefix="values (" suffix=")" suffixOverrides="," >
      <if test="quesid != null" >
        #{quesid,jdbcType=INTEGER},
      </if>
      <if test="naireid != null" >
        #{naireid,jdbcType=INTEGER},
      </if>
      <if test="questitle != null" >
        #{questitle,jdbcType=VARCHAR},
      </if>
      <if test="pubstatus != null" >
        #{pubstatus,jdbcType=INTEGER},
      </if>
      <if test="creatuser != null" >
        #{creatuser,jdbcType=VARCHAR},
      </if>
      <if test="creattime != null" >
        #{creattime,jdbcType=TIMESTAMP},
      </if>
      <if test="updateuser != null" >
        #{updateuser,jdbcType=VARCHAR},
      </if>
      <if test="updatetime != null" >
        #{updatetime,jdbcType=TIMESTAMP},
      </if>
      <if test="summary != null" >
        #{summary,jdbcType=LONGVARCHAR},
      </if>
      <if test="isRadio != null" >
        #{isRadio,jdbcType=INTEGER},
      </if>
    </trim>
  </insert>
  <update id="updateByPrimaryKeySelective" parameterType="com.okay.ad.entity.Question" >
    update ad_question
    <set >
      <if test="naireid != null" >
        NAIREID = #{naireid,jdbcType=INTEGER},
      </if>
      <if test="questitle != null" >
        QUESTITLE = #{questitle,jdbcType=VARCHAR},
      </if>
      <if test="pubstatus != null" >
        PUBSTATUS = #{pubstatus,jdbcType=INTEGER},
      </if>
      <if test="creatuser != null" >
        CREATUSER = #{creatuser,jdbcType=VARCHAR},
      </if>
      <if test="creattime != null" >
        CREATTIME = #{creattime,jdbcType=TIMESTAMP},
      </if>
      <if test="updateuser != null" >
        UPDATEUSER = #{updateuser,jdbcType=VARCHAR},
      </if>
      <if test="updatetime != null" >
        UPDATETIME = #{updatetime,jdbcType=TIMESTAMP},
      </if>
      <if test="summary != null" >
        SUMMARY = #{summary,jdbcType=LONGVARCHAR},
      </if>
      <if test="isRadio != null" >
        ISRADIO = #{isRadio,jdbcType=INTEGER},
      </if>
    </set>
    where QUESID = #{quesid,jdbcType=INTEGER}
  </update>
  <update id="updateByPrimaryKeyWithBLOBs" parameterType="com.okay.ad.entity.Question" >
    update ad_question
    set NAIREID = #{naireid,jdbcType=INTEGER},
      QUESTITLE = #{questitle,jdbcType=VARCHAR},
      PUBSTATUS = #{pubstatus,jdbcType=INTEGER},
      CREATUSER = #{creatuser,jdbcType=VARCHAR},
      CREATTIME = #{creattime,jdbcType=TIMESTAMP},
      UPDATEUSER = #{updateuser,jdbcType=VARCHAR},
      UPDATETIME = #{updatetime,jdbcType=TIMESTAMP},
      SUMMARY = #{summary,jdbcType=LONGVARCHAR}
    where QUESID = #{quesid,jdbcType=INTEGER}
  </update>
  <update id="updateByPrimaryKey" parameterType="com.okay.ad.entity.Question" >
    update ad_question
    set NAIREID = #{naireid,jdbcType=INTEGER},
      QUESTITLE = #{questitle,jdbcType=VARCHAR},
      PUBSTATUS = #{pubstatus,jdbcType=INTEGER},
      CREATUSER = #{creatuser,jdbcType=VARCHAR},
      CREATTIME = #{creattime,jdbcType=TIMESTAMP},
      UPDATEUSER = #{updateuser,jdbcType=VARCHAR},
      UPDATETIME = #{updatetime,jdbcType=TIMESTAMP}
    where QUESID = #{quesid,jdbcType=INTEGER}
  </update>
  <select id="selectByNaireId" resultMap="BaseResultMap">
    select  a.QUESID,a.QUESTITLE, a.ISRADIO from ad_question a where a.NAIREID = #{naireid}
  </select>
  <select id="selectMapByNaireId" resultType="java.util.HashMap">
    select  a.quesid,a.questitle, a.isradio from ad_question a where a.NAIREID = #{naireid}
    ORDER  by a.quesid asc
  </select>
  <delete id="deleteByNaireId" parameterType="java.lang.Integer" >
    delete from ad_question
    where naireid = #{naireid,jdbcType=INTEGER}
  </delete>
  
  <select id="selectQuestionResultByQuesId" resultType="java.util.HashMap">
    select a.QUESID, a.OPTIONSID, IFNULL(a.OPTIONSTITLE,"") as OPTIONSTITLE , IFNULL(b.answercount,0) as ANSWERCOUNT from (
      select ad_options.OPTIONSID,ad_options.OPTIONSTITLE,ad_options.QUESID from ad_options where ad_options.QUESID = #{naireid,jdbcType=INTEGER}
      ) a LEFT JOIN (
      select ad_record.QUESID, ad_record.ANSWER, COUNT(answer) as answercount from ad_record where ad_record.QUESID = #{naireid,jdbcType=INTEGER} GROUP BY answer
    ) b ON a.OPTIONSID = b.ANSWER
  </select>

</mapper>