<?xml version="1.0" encoding="UTF-8" ?>
<!DOCTYPE mapper PUBLIC "-//mybatis.org//DTD Mapper 3.0//EN" "http://mybatis.org/dtd/mybatis-3-mapper.dtd" >
<mapper namespace="com.okay.ad.mapper.QuestionNaireMapper" >
  <resultMap id="BaseResultMap" type="com.okay.ad.entity.QuestionNaire" >
    <id column="NAIREID" property="naireid" jdbcType="INTEGER" />
    <result column="NAIRETITLE" property="nairetitle" jdbcType="VARCHAR" />
    <result column="SUMMARY" property="summary" jdbcType="VARCHAR" />
    <result column="PUBSTATUS" property="pubstatus" jdbcType="INTEGER" />
    <result column="CREATUSER" property="creatuser" jdbcType="VARCHAR" />
    <result column="CREATTIME" property="creattime" jdbcType="TIMESTAMP" />
    <result column="UPDATEUSER" property="updateuser" jdbcType="VARCHAR" />
    <result column="UPDATETIME" property="updatetime" jdbcType="TIMESTAMP" />
    <result column="question_naire_start_time" property="questionNaireStartTime" jdbcType="TIMESTAMP" />
    <result column="question_naire_end_time" property="questionNaireEndTime" jdbcType="TIMESTAMP" />
    <result column="question_naire_upload_time" property="questionNaireUploadTime" jdbcType="TIMESTAMP" />
    <result column="question_naire_count" property="questionNaireCount" jdbcType="INTEGER" />
    <result column="question_naire_platefrom" property="questionNairePlatefrom" jdbcType="INTEGER" />
  </resultMap>
  <resultMap id="ResultMapWithBLOBs" type="com.okay.ad.entity.QuestionNaire" extends="BaseResultMap" >
    <result column="SUMMARY" property="summary" jdbcType="LONGVARCHAR" />
  </resultMap>
  <sql id="Base_Column_List" >
    NAIREID, NAIRETITLE, PUBSTATUS, CREATUSER, CREATTIME, UPDATEUSER, UPDATETIME, question_naire_start_time, 
    question_naire_end_time, question_naire_upload_time, question_naire_count, question_naire_platefrom
  </sql>
  <sql id="Blob_Column_List" >
    SUMMARY
  </sql>
  <select id="selectByPrimaryKey" resultMap="ResultMapWithBLOBs" parameterType="java.lang.Integer" >
    select 
    <include refid="Base_Column_List" />
    ,
    <include refid="Blob_Column_List" />
    from ad_questionnaire
    where NAIREID = #{naireid,jdbcType=INTEGER}
  </select>
  <delete id="deleteByPrimaryKey" parameterType="java.lang.Integer"  >
    delete from ad_questionnaire
    where NAIREID = #{naireid,jdbcType=INTEGER}
  </delete>
  <insert id="insert" parameterType="com.okay.ad.entity.QuestionNaire">
    insert into ad_questionnaire (NAIREID, NAIRETITLE, PUBSTATUS,
      CREATUSER, CREATTIME, UPDATEUSER, 
      UPDATETIME, question_naire_start_time, 
      question_naire_end_time, question_naire_upload_time, 
      question_naire_count, question_naire_platefrom, 
      SUMMARY)
    values (#{naireid,jdbcType=INTEGER}, #{nairetitle,jdbcType=VARCHAR}, #{pubstatus,jdbcType=INTEGER}, 
      #{creatuser,jdbcType=VARCHAR}, #{creattime,jdbcType=TIMESTAMP}, #{updateuser,jdbcType=VARCHAR}, 
      #{updatetime,jdbcType=TIMESTAMP}, #{questionNaireStartTime,jdbcType=TIMESTAMP}, 
      #{questionNaireEndTime,jdbcType=TIMESTAMP}, #{questionNaireUploadTime,jdbcType=TIMESTAMP}, 
      #{questionNaireCount,jdbcType=INTEGER}, #{questionNairePlatefrom,jdbcType=INTEGER}, 
      #{summary,jdbcType=LONGVARCHAR})
  </insert>
  <insert id="insertSelective" parameterType="com.okay.ad.entity.QuestionNaire" useGeneratedKeys="true" keyProperty="naireid">
    insert into ad_questionnaire
    <trim prefix="(" suffix=")" suffixOverrides="," >
      <if test="naireid != null" >
        NAIREID,
      </if>
      <if test="nairetitle != null" >
        NAIRETITLE,
      </if>
      <if test="pubstatus != null" >
        PUBSTATUS,
      </if>
      <if test="creatuser != null" >
        CREATUSER,
      </if>
      <if test="creattime != null" >
        CREATTIME,
      </if>
      <if test="updateuser != null" >
        UPDATEUSER,
      </if>
      <if test="updatetime != null" >
        UPDATETIME,
      </if>
      <if test="questionNaireStartTime != null" >
        question_naire_start_time,
      </if>
      <if test="questionNaireEndTime != null" >
        question_naire_end_time,
      </if>
      <if test="questionNaireUploadTime != null" >
        question_naire_upload_time,
      </if>
      <if test="questionNaireCount != null" >
        question_naire_count,
      </if>
      <if test="questionNairePlatefrom != null" >
        question_naire_platefrom,
      </if>
      <if test="summary != null" >
        SUMMARY,
      </if>
    </trim>
    <trim prefix="values (" suffix=")" suffixOverrides="," >
      <if test="naireid != null" >
        #{naireid,jdbcType=INTEGER},
      </if>
      <if test="nairetitle != null" >
        #{nairetitle,jdbcType=VARCHAR},
      </if>
      <if test="pubstatus != null" >
        #{pubstatus,jdbcType=INTEGER},
      </if>
      <if test="creatuser != null" >
        #{creatuser,jdbcType=VARCHAR},
      </if>
      <if test="creattime != null" >
        #{creattime,jdbcType=TIMESTAMP},
      </if>
      <if test="updateuser != null" >
        #{updateuser,jdbcType=VARCHAR},
      </if>
      <if test="updatetime != null" >
        #{updatetime,jdbcType=TIMESTAMP},
      </if>
      <if test="questionNaireStartTime != null" >
        #{questionNaireStartTime,jdbcType=TIMESTAMP},
      </if>
      <if test="questionNaireEndTime != null" >
        #{questionNaireEndTime,jdbcType=TIMESTAMP},
      </if>
      <if test="questionNaireUploadTime != null" >
        #{questionNaireUploadTime,jdbcType=TIMESTAMP},
      </if>
      <if test="questionNaireCount != null" >
        #{questionNaireCount,jdbcType=INTEGER},
      </if>
      <if test="questionNairePlatefrom != null" >
        #{questionNairePlatefrom,jdbcType=INTEGER},
      </if>
      <if test="summary != null" >
        #{summary,jdbcType=LONGVARCHAR},
      </if>
    </trim>
  </insert>
  <update id="updateByPrimaryKeySelective" parameterType="com.okay.ad.entity.QuestionNaire" >
    update ad_questionnaire
    <set >
      <if test="nairetitle != null" >
        NAIRETITLE = #{nairetitle,jdbcType=VARCHAR},
      </if>
      <if test="pubstatus != null" >
        PUBSTATUS = #{pubstatus,jdbcType=INTEGER},
      </if>
      <if test="creatuser != null" >
        CREATUSER = #{creatuser,jdbcType=VARCHAR},
      </if>
      <if test="creattime != null" >
        CREATTIME = #{creattime,jdbcType=TIMESTAMP},
      </if>
      <if test="updateuser != null" >
        UPDATEUSER = #{updateuser,jdbcType=VARCHAR},
      </if>
      <if test="updatetime != null" >
        UPDATETIME = #{updatetime,jdbcType=TIMESTAMP},
      </if>
      <if test="questionNaireStartTime != null" >
        question_naire_start_time = #{questionNaireStartTime,jdbcType=TIMESTAMP},
      </if>
      <if test="questionNaireEndTime != null" >
        question_naire_end_time = #{questionNaireEndTime,jdbcType=TIMESTAMP},
      </if>
      <if test="questionNaireUploadTime != null" >
        question_naire_upload_time = #{questionNaireUploadTime,jdbcType=TIMESTAMP},
      </if>
      <if test="questionNaireCount != null" >
        question_naire_count = #{questionNaireCount,jdbcType=INTEGER},
      </if>
      <if test="questionNairePlatefrom != null" >
        question_naire_platefrom = #{questionNairePlatefrom,jdbcType=INTEGER},
      </if>
      <if test="summary != null" >
        SUMMARY = #{summary,jdbcType=LONGVARCHAR},
      </if>
    </set>
    where NAIREID = #{naireid,jdbcType=INTEGER}
  </update>
  <update id="updateByPrimaryKeyWithBLOBs" parameterType="com.okay.ad.entity.QuestionNaire" >
    update ad_questionnaire
    set NAIRETITLE = #{nairetitle,jdbcType=VARCHAR},
      PUBSTATUS = #{pubstatus,jdbcType=INTEGER},
      CREATUSER = #{creatuser,jdbcType=VARCHAR},
      CREATTIME = #{creattime,jdbcType=TIMESTAMP},
      UPDATEUSER = #{updateuser,jdbcType=VARCHAR},
      UPDATETIME = #{updatetime,jdbcType=TIMESTAMP},
      question_naire_start_time = #{questionNaireStartTime,jdbcType=TIMESTAMP},
      question_naire_end_time = #{questionNaireEndTime,jdbcType=TIMESTAMP},
      question_naire_upload_time = #{questionNaireUploadTime,jdbcType=TIMESTAMP},
      question_naire_count = #{questionNaireCount,jdbcType=INTEGER},
      question_naire_platefrom = #{questionNairePlatefrom,jdbcType=INTEGER},
      SUMMARY = #{summary,jdbcType=LONGVARCHAR}
    where NAIREID = #{naireid,jdbcType=INTEGER}
  </update>

  <!--根据主键id更新数据-->
  <update id="updateByPrimaryKey" parameterType="com.okay.ad.entity.QuestionNaire" >
    update ad_questionnaire
    <set>
      <if test="nairetitle != null and nairetitle!='' ">
        NAIRETITLE = #{nairetitle,jdbcType=VARCHAR},
      </if>
      <if test="summary != null and summary != '' ">
        SUMMARY = #{summary,jdbcType=VARCHAR},
      </if>
      <if test="pubstatus != null">
        PUBSTATUS = #{pubstatus,jdbcType=INTEGER},
      </if>
      <if test="creatuser != null">
        CREATUSER = #{creatuser,jdbcType=VARCHAR},
      </if>
      <if test="creattime != null">
        CREATTIME = #{creattime,jdbcType=TIMESTAMP},
      </if>
      <if test="updateuser != null">
        UPDATEUSER = #{updateuser,jdbcType=VARCHAR},
      </if>
      <if test="updatetime != null">
        UPDATETIME = #{updatetime,jdbcType=TIMESTAMP},
      </if>
      <if test="questionNaireStartTime != null">
        question_naire_start_time = #{questionNaireStartTime,jdbcType=TIMESTAMP},
      </if>
      <if test="questionNaireEndTime != null">
        question_naire_end_time = #{questionNaireEndTime,jdbcType=TIMESTAMP},
      </if>
      <if test="questionNaireUploadTime != null">
        question_naire_upload_time = #{questionNaireUploadTime,jdbcType=TIMESTAMP},
      </if>
      <if test="questionNaireCount != null">
        question_naire_count = #{questionNaireCount,jdbcType=INTEGER},
      </if>
      <if test="questionNairePlatefrom != null">
        question_naire_platefrom = #{questionNairePlatefrom,jdbcType=INTEGER},
      </if>
    </set>
    where NAIREID = #{naireid,jdbcType=INTEGER}
  </update>


  <select id="count" resultType="int">
    select count(1) from ad_questionnaire where 1=1
    <if test="nairetitle!=null and nairetitle != ''">
      and NAIRETITLE = #{nairetitle}
    </if>
    <if test="questionNairePlatefrom!=null and questionNairePlatefrom != ''">
      and question_naire_platefrom = #{questionNairePlatefrom}
    </if>
    <if test="pubstatus!=0 and pubstatus!= null">
      and PUBSTATUS = #{pubstatus}
    </if>
    <if test="questionNaireStartTime != null and questionNaireStartTime != ''">
      and question_naire_start_time &gt; #{questionNaireStartTime}
    </if>
    <if test="questionNaireEndTime != null and questionNaireEndTime != ''" >
      and question_naire_end_time &lt; #{questionNaireEndTime}
    </if>
  </select>
  
  <select id="selectQuestionList" resultMap="BaseResultMap">
    select
    NAIREID, NAIRETITLE,date_format(question_naire_start_time,"%Y-%m-%d %T") as question_naire_start_time,date_format(question_naire_end_time,"%Y-%m-%d %T") as question_naire_end_time,
    date_format(question_naire_upload_time,"%Y-%m-%d %T") as question_naire_upload_time,question_naire_count
    from ad_questionnaire  where 1=1
    <if test="nairetitle!=null and nairetitle != ''">
      and NAIRETITLE = #{nairetitle}
    </if>
    <if test="questionNairePlatefrom != null and questionNairePlatefrom != ''">
      and question_naire_platefrom = #{questionNairePlatefrom}
    </if>
    <if test="pubstatus != 0 and pubstatus!= null">
      and PUBSTATUS = #{pubstatus}
    </if>
    <if test="questionNaireStartTime != null  and questionNaireStartTime != ''">
      and question_naire_start_time &gt; #{questionNaireStartTime}
    </if>
    <if test="  questionNaireEndTime != null and questionNaireEndTime != ''" >
      and question_naire_end_time &lt; #{questionNaireEndTime}
    </if>
  </select>

  <select id="selectQuestionListForIds" parameterType="list" resultMap="BaseResultMap" >
  select
    NAIREID,NAIRETITLE,question_naire_start_time,question_naire_end_time,question_naire_upload_time,question_naire_count
    from
    pt_questionnaire  where NAIREID in
  <foreach collection="list" item="item" index="index" open="(" separator="," close=")">
    #{item}
  </foreach>
  </select>

  <!--问卷调查列表-->
  <select id="getHashMapList" resultType="java.util.HashMap">
    select
    naireid, nairetitle,summary, pubstatus, date_format(question_naire_start_time,"%Y-%m-%d %T") as question_naire_start_time,
    date_format(question_naire_end_time,"%Y-%m-%d %T") as question_naire_end_time, date_format(CREATTIME,"%Y-%m-%d") as createtime,
    CREATUSER as creatuserId,
    case pubstatus when 1 then '已发布' when 2 then '未发布' else '其他' end as pubstatusStr,
    (SELECT userName FROM v_sys_user WHERE userId = ad_questionnaire.CREATUSER) as creatuser
    from ad_questionnaire  where 1=1
    <!--<if test="nairetitle!=null and nairetitle != ''">
      and NAIRETITLE = #{nairetitle}
    </if>-->
    <if test="questionNairePlatefrom != null and questionNairePlatefrom != ''">
      and question_naire_platefrom = #{questionNairePlatefrom}
    </if>
    <if test="pubstatus != 0 and pubstatus!= null">
      and PUBSTATUS = #{pubstatus}
    </if>
    <if test="questionNaireStartTime != null  and questionNaireStartTime != ''">
      and question_naire_start_time &gt; #{questionNaireStartTime}
    </if>
    <if test="  questionNaireEndTime != null and questionNaireEndTime != ''" >
      and question_naire_end_time &lt; #{questionNaireEndTime}
    </if>
    <if test="searchParam != null and searchParam != ''" >
      and NAIRETITLE like CONCAT('%',#{searchParam},'%')
      or CREATUSER like CONCAT('%',#{searchParam},'%')
    </if>
    ORDER  BY  CREATTIME DESC
  </select>

  <!--根据条件获取数据总量-->
  <select id="getCount" resultType="java.lang.Integer">
    select count(1) from ad_questionnaire where 1=1
    <if test="nairetitle!=null and nairetitle != ''">
      and NAIRETITLE = #{nairetitle}
    </if>
    <if test="questionNairePlatefrom!=null and questionNairePlatefrom != ''">
      and question_naire_platefrom = #{questionNairePlatefrom}
    </if>
    <if test="pubstatus!=0 and pubstatus!= null">
      and PUBSTATUS = #{pubstatus}
    </if>
    <if test="questionNaireStartTime != null and questionNaireStartTime != ''">
      and question_naire_start_time &gt; #{questionNaireStartTime}
    </if>
    <if test="questionNaireEndTime != null and questionNaireEndTime != ''" >
      and question_naire_end_time &lt; #{questionNaireEndTime}
    </if>
    <if test="searchParam != null and searchParam != ''" >
      and NAIRETITLE like CONCAT('%',#{searchParam},'%')
      or CREATUSER like CONCAT('%',#{searchParam},'%')
    </if>
  </select>
  <select id="selectMapByPrimaryKey" resultType="java.util.HashMap" parameterType="java.lang.Integer" >
    select   naireid,nairetitle,summary,pubstatus from ad_questionnaire
    where NAIREID = #{naireid,jdbcType=INTEGER}
  </select>
    <select id="selectMapByPrimaryKeygetstatus" resultType="java.util.HashMap" parameterType="java.lang.Integer" >
        select  naireid,IFNULL(nairetitle,"") as nairetitle,IFNULL(summary,"") as summary,IFNULL(pubstatus,2) as pubstatus from ad_questionnaire
        where NAIREID = #{naireid}
    </select>

</mapper>