<?xml version="1.0" encoding="UTF-8" ?>
<!DOCTYPE mapper PUBLIC "-//mybatis.org//DTD Mapper 3.0//EN" "http://mybatis.org/dtd/mybatis-3-mapper.dtd" >
<mapper namespace="com.okay.ad.mapper.RecordMapper" >
  <resultMap id="BaseResultMap" type="com.okay.ad.entity.Record" >
    <id column="RECORDID" property="recordid" jdbcType="INTEGER" />
    <result column="QUESID" property="quesid" jdbcType="INTEGER" />
    <result column="ANSWER" property="answer" jdbcType="VARCHAR" />
    <result column="RECORDTIME" property="recordtime" jdbcType="TIMESTAMP" />
  </resultMap>
  <sql id="Base_Column_List" >
    RECORDID, QUESID, ANSWER, RECORDTIME
  </sql>
  <select id="selectByPrimaryKey" resultMap="BaseResultMap" parameterType="java.lang.Integer" >
    select 
    <include refid="Base_Column_List" />
    from ad_record
    where RECORDID = #{recordid,jdbcType=INTEGER}
  </select>
  <delete id="deleteByPrimaryKey" parameterType="java.lang.Integer" >
    delete from ad_record
    where RECORDID = #{recordid,jdbcType=INTEGER}
  </delete>
  <insert id="insert" parameterType="com.okay.ad.entity.Record" >
    insert into ad_record (RECORDID, QUESID, ANSWER,
      RECORDTIME)
    values (#{recordid,jdbcType=INTEGER}, #{quesid,jdbcType=INTEGER}, #{answer,jdbcType=VARCHAR}, 
      #{recordtime,jdbcType=TIMESTAMP})
  </insert>
  <insert id="insertSelective" parameterType="com.okay.ad.entity.Record" >
    insert into ad_record
    <trim prefix="(" suffix=")" suffixOverrides="," >
      <if test="recordid != null" >
        RECORDID,
      </if>
      <if test="quesid != null" >
        QUESID,
      </if>
      <if test="answer != null" >
        ANSWER,
      </if>
      <if test="recordtime != null" >
        RECORDTIME,
      </if>
    </trim>
    <trim prefix="values (" suffix=")" suffixOverrides="," >
      <if test="recordid != null" >
        #{recordid,jdbcType=INTEGER},
      </if>
      <if test="quesid != null" >
        #{quesid,jdbcType=INTEGER},
      </if>
      <if test="answer != null" >
        #{answer,jdbcType=VARCHAR},
      </if>
      <if test="recordtime != null" >
        #{recordtime,jdbcType=TIMESTAMP},
      </if>
    </trim>
  </insert>
  <update id="updateByPrimaryKeySelective" parameterType="com.okay.ad.entity.Record" >
    update ad_record
    <set >
      <if test="quesid != null" >
        QUESID = #{quesid,jdbcType=INTEGER},
      </if>
      <if test="answer != null" >
        ANSWER = #{answer,jdbcType=VARCHAR},
      </if>
      <if test="recordtime != null" >
        RECORDTIME = #{recordtime,jdbcType=TIMESTAMP},
      </if>
    </set>
    where RECORDID = #{recordid,jdbcType=INTEGER}
  </update>
  <update id="updateByPrimaryKey" parameterType="com.okay.ad.entity.Record" >
    update ad_record
    set QUESID = #{quesid,jdbcType=INTEGER},
      ANSWER = #{answer,jdbcType=VARCHAR},
      RECORDTIME = #{recordtime,jdbcType=TIMESTAMP}
    where RECORDID = #{recordid,jdbcType=INTEGER}
  </update>


  <select id="count" parameterType="list" resultType="int">
    select count(1) allNum from ad_record where ad_record.QUESID in
    <foreach collection="list" item="item" index="index" open="(" separator="," close=")">
      #{item.quesid}
    </foreach>
    GROUP BY ad_record.QUESID
  </select>


  <select id="optionCount" parameterType="list" resultType="int">
    select count(1)  FROM ad_record where ad_record.ANSWER in
    <foreach collection="list" item="item" index="index" open="(" separator="," close=")">
      #{item.optionsid}
    </foreach>
    GROUP BY ad_record.ANSWER
  </select>

  <!-- 批量插入数据 -->
  <insert id="insertRecordBatch" parameterType="java.util.List"
          useGeneratedKeys="true">
    insert into ad_record(quesid, answer, recordtime)
    VALUES
    <foreach collection="list" item="items" index="index" separator=",">
      (#{items.quesid,jdbcType=INTEGER},  #{items.answer,jdbcType=VARCHAR},  #{items.recordtime,jdbcType=TIMESTAMP})
    </foreach>
  </insert>

  <select id="selectRecordCountByQuesId" resultType="int">
    select count(1) countNum from ad_record where ad_record.QUESID = #{quesid}
  </select>

    <select id="getcount" parameterType="com.okay.ad.entity.Question" resultType="int">
        select count(*) allNum from ad_record where ad_record.QUESID = #{quesid}
    </select>

    <select id="getoptionCount"  parameterType="int" resultType="int">
        select count(1)  FROM ad_record where ad_record.ANSWER =#{optionsid}
    </select>
</mapper>