<?xml version="1.0" encoding="UTF-8" ?>
<!DOCTYPE mapper PUBLIC "-//mybatis.org//DTD Mapper 3.0//EN" "http://mybatis.org/dtd/mybatis-3-mapper.dtd" >
<mapper namespace="com.okay.ad.mapper.RuleMapper" >
    <select id="selectRule" resultType="java.util.Map">

        select GroupId,GroupName from ad_group_rule
        where 1=1
        <if test="groupname != null  and groupname != ''"   >
            AND  GroupName like CONCAT('%',#{groupname},'%')
        </if>
        <if test="page != null  and page != '' and size != null and size != '' "   >
            limit #{page} ,#{size}
        </if>
   </select>

    <select id="selectRuleById" resultType="java.util.Map">

        select GroupName, Gender,ResidenceType as ResidenceProvince , EducationLevel, Profession, InComeLevel, Interests, AudienceType, InfoResourc as InfomationResource from ad_group_rule
        where GroupId = #{id}

    </select>


    <insert id="InsertRule" parameterType="com.okay.ad.entity.Rule" keyColumn="GroupId" keyProperty="GroupId" useGeneratedKeys="true">

        INSERT INTO ad_group_rule(GroupName)
        VALUES ('${GroupName}')

    </insert>

</mapper>
