<?xml version="1.0" encoding="UTF-8" ?>
<!DOCTYPE mapper PUBLIC "-//mybatis.org//DTD Mapper 3.0//EN" "http://mybatis.org/dtd/mybatis-3-mapper.dtd" >
<mapper namespace="com.okay.ad.mapper.SuggestionAnswerMapper" >
  <resultMap id="BaseResultMap" type="com.okay.ad.entity.SuggestionAnswer" >
    <id column="RecId" property="recid" jdbcType="INTEGER" />
    <result column="SuggestionContent" property="suggestioncontent" jdbcType="VARCHAR" />
    <result column="SuggestionAnswer" property="suggestionanswer" jdbcType="VARCHAR" />
    <result column="SuggestionType" property="suggestiontype" jdbcType="INTEGER" />
    <result column="IsDelete" property="isdelete" jdbcType="INTEGER" />
    <result column="CreateDate" property="createdate" jdbcType="TIMESTAMP" />
    <result column="UpdateDate" property="updatedate" jdbcType="TIMESTAMP" />
  </resultMap>
  <sql id="Base_Column_List" >
    RecId, SuggestionContent, SuggestionAnswer, SuggestionType, IsDelete, CreateDate, 
    UpdateDate,
   case SuggestionType when 1 then '留言' when 2 then '资讯' when 3 then '投诉' when 4 then '求助' when 5 then '建议' when 6 then '媒体来访' when 7 then '内部协调' else '其他' end as SuggestionTypeStr
  </sql>
  <select id="selectByPrimaryKey" resultMap="BaseResultMap" parameterType="java.lang.Integer" >
    select 
    <include refid="Base_Column_List" />
    from ad_suggestion_answer
    where RecId = #{recid,jdbcType=INTEGER}
  </select>
  <!--删除数据-->
  <delete id="deleteByPrimaryKey" parameterType="java.lang.Integer" >
    delete from ad_suggestion_answer
    where RecId = #{recid,jdbcType=INTEGER}
  </delete>
  <!-- 删除多条 -->
  <delete id="deleteByBatch" parameterType="java.util.List">
    delete from ad_suggestion_answer where RecId in
    <foreach collection="ids" item="ids" open="(" separator="," close=")">
      #{ids,jdbcType=VARCHAR}
    </foreach>
  </delete>
  <insert id="insert" parameterType="com.okay.ad.entity.SuggestionAnswer" >
    insert into ad_suggestion_answer (RecId, SuggestionContent, SuggestionAnswer, 
      SuggestionType, IsDelete, CreateDate, 
      UpdateDate)
    values (#{recid,jdbcType=INTEGER}, #{suggestioncontent,jdbcType=VARCHAR}, #{suggestionanswer,jdbcType=VARCHAR}, 
      #{suggestiontype,jdbcType=INTEGER}, #{isdelete,jdbcType=INTEGER}, #{createdate,jdbcType=TIMESTAMP}, 
      #{updatedate,jdbcType=TIMESTAMP})
  </insert>
  <!--新增数据-->
  <insert id="insertSelective" parameterType="com.okay.ad.entity.SuggestionAnswer" >
    insert into ad_suggestion_answer
    <trim prefix="(" suffix=")" suffixOverrides="," >
      <if test="recid != null" >
        RecId,
      </if>
      <if test="suggestioncontent != null" >
        SuggestionContent,
      </if>
      <if test="suggestionanswer != null" >
        SuggestionAnswer,
      </if>
      <if test="suggestiontype != null" >
        SuggestionType,
      </if>
      <if test="isdelete != null" >
        IsDelete,
      </if>
      <if test="createdate != null" >
        CreateDate,
      </if>
      <if test="updatedate != null" >
        UpdateDate,
      </if>
    </trim>
    <trim prefix="values (" suffix=")" suffixOverrides="," >
      <if test="recid != null" >
        #{recid,jdbcType=INTEGER},
      </if>
      <if test="suggestioncontent != null" >
        #{suggestioncontent,jdbcType=VARCHAR},
      </if>
      <if test="suggestionanswer != null" >
        #{suggestionanswer,jdbcType=VARCHAR},
      </if>
      <if test="suggestiontype != null" >
        #{suggestiontype,jdbcType=INTEGER},
      </if>
      <if test="isdelete != null" >
        #{isdelete,jdbcType=INTEGER},
      </if>
      <if test="createdate != null" >
        #{createdate,jdbcType=TIMESTAMP},
      </if>
      <if test="updatedate != null" >
        #{updatedate,jdbcType=TIMESTAMP},
      </if>
    </trim>
  </insert>
  <!--编辑数据-->
  <update id="updateByPrimaryKeySelective" parameterType="com.okay.ad.entity.SuggestionAnswer" >
    update ad_suggestion_answer
    <set >
      <if test="suggestioncontent != null and suggestioncontent != ''" >
        SuggestionContent = #{suggestioncontent,jdbcType=VARCHAR},
      </if>
      <if test="suggestionanswer != null and suggestionanswer != ''" >
        SuggestionAnswer = #{suggestionanswer,jdbcType=VARCHAR},
      </if>
      <if test="suggestiontype != null" >
        SuggestionType = #{suggestiontype,jdbcType=INTEGER},
      </if>
      <if test="isdelete != null" >
        IsDelete = #{isdelete,jdbcType=INTEGER},
      </if>
      <if test="createdate != null">
        CreateDate = #{createdate,jdbcType=TIMESTAMP},
      </if>
      <if test="updatedate != null" >
        UpdateDate = #{updatedate,jdbcType=TIMESTAMP},
      </if>
    </set>
    where RecId = #{recid,jdbcType=INTEGER}
  </update>
  <update id="updateByPrimaryKey" parameterType="com.okay.ad.entity.SuggestionAnswer" >
    update ad_suggestion_answer
    set SuggestionContent = #{suggestioncontent,jdbcType=VARCHAR},
      SuggestionAnswer = #{suggestionanswer,jdbcType=VARCHAR},
      SuggestionType = #{suggestiontype,jdbcType=INTEGER},
      IsDelete = #{isdelete,jdbcType=INTEGER},
      CreateDate = #{createdate,jdbcType=TIMESTAMP},
      UpdateDate = #{updatedate,jdbcType=TIMESTAMP}
    where RecId = #{recid,jdbcType=INTEGER}
  </update>
  <select id="selectAnswerCountByCondition" resultType="int">
    SELECT COUNT(1) from ad_suggestion_answer where 1=1
    <if test="suggestionType!=0">
      and SuggestionType = #{suggestionType}
    </if>
    <if test="summary!=null">
      and SuggestionContent LIKE "%"#{summary}"%"
    </if>
  </select>

  <select id="selectListByCondition" resultMap="BaseResultMap">
    select <include refid="Base_Column_List" /> from ad_suggestion_answer where 1=1
    <if test="suggestionType!=0">
      and SuggestionType = #{suggestionType}
    </if>
    <if test="summary!=null">
      and SuggestionContent LIKE "%"#{summary}"%"
    </if>
  </select>
  <!--题库列表-->
  <select id="getHashMapList" resultType="java.util.HashMap">
    SELECT
    <include refid="Base_Column_List" />
     from  ad_suggestion_answer  where 1= 1
      <!--<if test="suggestioncontent != null and suggestioncontent != ''" >
        and SuggestionContent = #{suggestioncontent,jdbcType=VARCHAR}
      </if>-->
      <!--<if test="suggestionanswer != null and suggestionanswer != ''" >
        and SuggestionAnswer = #{suggestionanswer,jdbcType=VARCHAR}
      </if>-->
      <if test="suggestiontype != null" >
        and SuggestionType = #{suggestiontype,jdbcType=INTEGER}
      </if>
    <if test="searchParam != null and searchParam != ''" >
        and SuggestionAnswer like CONCAT('%',#{searchParam},'%')
        or SuggestionContent like CONCAT('%',#{searchParam},'%')
      </if>
      ORDER  BY  CreateDate DESC
  </select>

  <!--根据条件获取总数-->
  <select id="getCount" resultType="java.lang.Integer">
    SELECT count(1) from  ad_suggestion_answer  where 1= 1
<!--    <if test="suggestioncontent != null and suggestioncontent != ''" >
      and SuggestionContent = #{suggestioncontent,jdbcType=VARCHAR}
    </if>
    <if test="suggestionanswer != null and suggestionanswer != ''" >
      and SuggestionAnswer = #{suggestionanswer,jdbcType=VARCHAR}
    </if>-->
    <if test="suggestiontype != null" >
      and SuggestionType = #{suggestiontype,jdbcType=INTEGER}
    </if>
    <if test="searchParam != null and searchParam != ''" >
      and SuggestionAnswer like CONCAT('%',#{searchParam},'%')
      or SuggestionContent like CONCAT('%',#{searchParam},'%')
    </if>
  </select>
</mapper>