<?xml version="1.0" encoding="UTF-8" ?>
<!DOCTYPE mapper PUBLIC "-//mybatis.org//DTD Mapper 3.0//EN" "http://mybatis.org/dtd/mybatis-3-mapper.dtd" >
<mapper namespace="com.okay.ad.mapper.SuggestionMapper" >
  <resultMap id="BaseResultMap" type="com.okay.ad.entity.Suggestion" >
    <id column="RecId" property="recid" jdbcType="INTEGER" />
    <result column="AudienceName" property="audiencename" jdbcType="VARCHAR" />
    <result column="SuggestionResource" property="suggestionresource" jdbcType="INTEGER" />
    <result column="SuggestionType" property="suggestiontype" jdbcType="INTEGER" />
    <result column="SubmitDate" property="submitdate" jdbcType="DATE" />
    <result column="MobilePhone" property="mobilephone" jdbcType="VARCHAR" />
    <result column="QQNumber" property="qqnumber" jdbcType="VARCHAR" />
    <result column="TelePhone" property="telephone" jdbcType="VARCHAR" />
    <result column="WeixinNumber" property="weixinnumber" jdbcType="VARCHAR" />
    <result column="Email" property="email" jdbcType="VARCHAR" />
    <result column="Age" property="age" jdbcType="INTEGER" />
    <result column="Profession" property="profession" jdbcType="INTEGER" />
    <result column="AudienceType" property="audiencetype" jdbcType="VARCHAR" />
    <result column="EducationLevel" property="educationlevel" jdbcType="INTEGER" />
    <result column="FeedbackChannel" property="feedbackchannel" jdbcType="INTEGER" />
    <result column="SuggestionContent" property="suggestioncontent" jdbcType="VARCHAR" />
    <result column="SuggestionResult" property="suggestionresult" jdbcType="VARCHAR" />
    <result column="SuggestionState" property="suggestionstate" jdbcType="INTEGER" />
    <result column="IsCreateAnswer" property="iscreateanswer" jdbcType="INTEGER" />
    <result column="CreateDate" property="createdate" jdbcType="TIMESTAMP" />
    <result column="UpdateDate" property="updatedate" jdbcType="TIMESTAMP" />
    <result column="OperateChannel" property="operatechannel" jdbcType="INTEGER" />
  </resultMap>
  <sql id="Base_Column_List" ><!--DATE_FORMAT(SubmitDate,'%m-%d-%Y')  as SubmitDateStr,-->
    RecId, AudienceName, SuggestionResource, SuggestionType, SubmitDate, MobilePhone, 
    QQNumber, TelePhone, WeixinNumber, Email, Age, Profession, AudienceType, EducationLevel, 
    FeedbackChannel, SuggestionContent, SuggestionResult, SuggestionState, IsCreateAnswer, 
    CreateDate, UpdateDate, OperateChannel,
		case SuggestionResource when 1 then '留言区' when 2 then '展厅现场' when 3 then '内部' when 4 then '电话' else '其他' end as SuggestionResourceStr,
		case SuggestionType when 1 then '留言' when 2 then '资讯' when 3 then '投诉' when 4 then '求助' when 5 then '建议' when 6 then '媒体来访' when 7 then '内部协调' else '其他' end as SuggestionTypeStr,
		case Profession when 1 then '在校学生' when 2 then '事业单位人员' when 3 then '企业单位人员' when 4 then '公务员' when 5 then '军人/警察' when 6 then '文教卫' when 7 then '农业生产者' when 8 then '个体户/自由职业者' when 9 then '待业' when 10 then '退休' else '其他' end as ProfessionStr,
		case AudienceType when 1 then '内宾' when 2 then '外宾' when 3 then '儿童' when 4 then '青少年' when 5 then '中年' when 6 then '老年' when 7 then '孕妇' when 8 then '残疾人' when 9 then '嘉宾' else '其他' end as AudienceTypeStr,
		case EducationLevel when 1 then '小学或以下' when 2 then '初中高中/中专/技校大专' when 3 then '本科' when 4 then '研究生及以上' when 5 then '海外留学生' else '其他' end as EducationLevelStr,
		case FeedbackChannel when 1 then '手机' when 2 then '电话' when 3 then 'QQ' when 4 then '微信' when 5 then '邮箱' else '其他' end as FeedbackChannelStr,
		case SuggestionState when 0 then '待处理' when 1 then '已处理' else '其他' end as SuggestionStateStr,
		case IsCreateAnswer when 0 then '否' when 1 then '是' else '其他' end as IsCreateAnswerStr,
		case OperateChannel when 1 then '直接处理' when 2 then 'OA处理' else '其他' end as OperateChannelStr
  </sql>
  <select id="selectByPrimaryKey" resultMap="BaseResultMap" parameterType="java.lang.Integer" >
    select 
    <include refid="Base_Column_List" />
    from ad_suggestion
    where RecId = #{recid,jdbcType=INTEGER}
  </select>
  <!--数据删除-->
  <delete id="deleteByPrimaryKey" parameterType="java.lang.Integer" >
    delete from ad_suggestion
    where RecId = #{recid,jdbcType=INTEGER}
  </delete>
  <insert id="insert" parameterType="com.okay.ad.entity.Suggestion" >
    insert into ad_suggestion (RecId, AudienceName, SuggestionResource, 
      SuggestionType, SubmitDate, MobilePhone, 
      QQNumber, TelePhone, WeixinNumber, 
      Email, Age, Profession, 
      AudienceType, EducationLevel, FeedbackChannel, 
      SuggestionContent, SuggestionResult, SuggestionState, 
      IsCreateAnswer, CreateDate, UpdateDate, 
      OperateChannel)
    values (#{recid,jdbcType=INTEGER}, #{audiencename,jdbcType=VARCHAR}, #{suggestionresource,jdbcType=INTEGER}, 
      #{suggestiontype,jdbcType=INTEGER}, #{submitdate,jdbcType=DATE}, #{mobilephone,jdbcType=VARCHAR}, 
      #{qqnumber,jdbcType=VARCHAR}, #{telephone,jdbcType=VARCHAR}, #{weixinnumber,jdbcType=VARCHAR}, 
      #{email,jdbcType=VARCHAR}, #{age,jdbcType=INTEGER}, #{profession,jdbcType=INTEGER}, 
      #{audiencetype,jdbcType=VARCHAR}, #{educationlevel,jdbcType=INTEGER}, #{feedbackchannel,jdbcType=VARCHAR}, 
      #{suggestioncontent,jdbcType=VARCHAR}, #{suggestionresult,jdbcType=VARCHAR}, #{suggestionstate,jdbcType=INTEGER}, 
      #{iscreateanswer,jdbcType=INTEGER}, #{createdate,jdbcType=TIMESTAMP}, #{updatedate,jdbcType=TIMESTAMP}, 
      #{operatechannel,jdbcType=INTEGER})
  </insert>
  <!--数据新增-->
  <insert id="insertSelective" parameterType="com.okay.ad.entity.Suggestion" >
    insert into ad_suggestion
    <trim prefix="(" suffix=")" suffixOverrides="," >
      <if test="recid != null" >
        RecId,
      </if>
      <if test="audiencename != null" >
        AudienceName,
      </if>
      <if test="suggestionresource != null" >
        SuggestionResource,
      </if>
      <if test="suggestiontype != null" >
        SuggestionType,
      </if>
      <if test="submitdate != null" >
        SubmitDate,
      </if>
      <if test="mobilephone != null" >
        MobilePhone,
      </if>
      <if test="qqnumber != null" >
        QQNumber,
      </if>
      <if test="telephone != null" >
        TelePhone,
      </if>
      <if test="weixinnumber != null" >
        WeixinNumber,
      </if>
      <if test="email != null" >
        Email,
      </if>
      <if test="age != null" >
        Age,
      </if>
      <if test="profession != null" >
        Profession,
      </if>
      <if test="audiencetype != null" >
        AudienceType,
      </if>
      <if test="educationlevel != null" >
        EducationLevel,
      </if>
      <if test="feedbackchannel != null" >
        FeedbackChannel,
      </if>
      <if test="suggestioncontent != null" >
        SuggestionContent,
      </if>
      <if test="suggestionresult != null" >
        SuggestionResult,
      </if>
      <if test="suggestionstate != null" >
        SuggestionState,
      </if>
      <if test="iscreateanswer != null" >
        IsCreateAnswer,
      </if>
      <if test="createdate != null" >
        CreateDate,
      </if>
      <if test="updatedate != null" >
        UpdateDate,
      </if>
      <if test="operatechannel != null" >
        OperateChannel,
      </if>
    </trim>
    <trim prefix="values (" suffix=")" suffixOverrides="," >
      <if test="recid != null" >
        #{recid,jdbcType=INTEGER},
      </if>
      <if test="audiencename != null" >
        #{audiencename,jdbcType=VARCHAR},
      </if>
      <if test="suggestionresource != null" >
        #{suggestionresource,jdbcType=INTEGER},
      </if>
      <if test="suggestiontype != null" >
        #{suggestiontype,jdbcType=INTEGER},
      </if>
      <if test="submitdate != null" >
        #{submitdate,jdbcType=DATE},
      </if>
      <if test="mobilephone != null" >
        #{mobilephone,jdbcType=VARCHAR},
      </if>
      <if test="qqnumber != null" >
        #{qqnumber,jdbcType=VARCHAR},
      </if>
      <if test="telephone != null" >
        #{telephone,jdbcType=VARCHAR},
      </if>
      <if test="weixinnumber != null" >
        #{weixinnumber,jdbcType=VARCHAR},
      </if>
      <if test="email != null" >
        #{email,jdbcType=VARCHAR},
      </if>
      <if test="age != null" >
        #{age,jdbcType=INTEGER},
      </if>
      <if test="profession != null" >
        #{profession,jdbcType=INTEGER},
      </if>
      <if test="audiencetype != null" >
        #{audiencetype,jdbcType=VARCHAR},
      </if>
      <if test="educationlevel != null" >
        #{educationlevel,jdbcType=INTEGER},
      </if>
      <if test="feedbackchannel != null" >
        #{feedbackchannel,jdbcType=VARCHAR},
      </if>
      <if test="suggestioncontent != null" >
        #{suggestioncontent,jdbcType=VARCHAR},
      </if>
      <if test="suggestionresult != null" >
        #{suggestionresult,jdbcType=VARCHAR},
      </if>
      <if test="suggestionstate != null" >
        #{suggestionstate,jdbcType=INTEGER},
      </if>
      <if test="iscreateanswer != null" >
        #{iscreateanswer,jdbcType=INTEGER},
      </if>
      <if test="createdate != null" >
        #{createdate,jdbcType=TIMESTAMP},
      </if>
      <if test="updatedate != null" >
        #{updatedate,jdbcType=TIMESTAMP},
      </if>
      <if test="operatechannel != null" >
        #{operatechannel,jdbcType=INTEGER},
      </if>
    </trim>
  </insert>
  <!--数据修改-->
  <update id="updateByPrimaryKeySelective" parameterType="com.okay.ad.entity.Suggestion" >
    update ad_suggestion
    <set >
      <if test="audiencename != null and audiencename != ''" >
        AudienceName = #{audiencename,jdbcType=VARCHAR},
      </if>
      <if test="suggestionresource != null" >
        SuggestionResource = #{suggestionresource,jdbcType=INTEGER},
      </if>
      <if test="suggestiontype != null" >
        SuggestionType = #{suggestiontype,jdbcType=INTEGER},
      </if>
      <if test="submitdate != null" >
        SubmitDate = #{submitdate,jdbcType=DATE},
      </if>
      <if test="mobilephone != null and mobilephone != ''" >
        MobilePhone = #{mobilephone,jdbcType=VARCHAR},
      </if>
      <if test="qqnumber != null and qqnumber != ''" >
        QQNumber = #{qqnumber,jdbcType=VARCHAR},
      </if>
      <if test="telephone != null and telephone != ''" >
        TelePhone = #{telephone,jdbcType=VARCHAR},
      </if>
      <if test="weixinnumber != null and weixinnumber != ''" >
        WeixinNumber = #{weixinnumber,jdbcType=VARCHAR},
      </if>
      <if test="email != null and email != ''" >
        Email = #{email,jdbcType=VARCHAR},
      </if>
      <if test="age != null" >
        Age = #{age,jdbcType=INTEGER},
      </if>
      <if test="profession != null" >
        Profession = #{profession,jdbcType=INTEGER},
      </if>
      <if test="audiencetype != null and audiencetype != ''" >
        AudienceType = #{audiencetype,jdbcType=VARCHAR},
      </if>
      <if test="educationlevel != null and educationlevel != ''" >
        EducationLevel = #{educationlevel,jdbcType=INTEGER},
      </if>
      <if test="feedbackchannel != null and feedbackchannel != ''" >
        FeedbackChannel = #{feedbackchannel,jdbcType=VARCHAR},
      </if>
      <if test="suggestioncontent != null and suggestioncontent != ''" >
        SuggestionContent = #{suggestioncontent,jdbcType=VARCHAR},
      </if>
      <if test="suggestionresult != null and suggestionresult != ''" >
        SuggestionResult = #{suggestionresult,jdbcType=VARCHAR},
      </if>
      <if test="suggestionstate != null" >
        SuggestionState = #{suggestionstate,jdbcType=INTEGER},
      </if>
      <if test="iscreateanswer != null" >
        IsCreateAnswer = #{iscreateanswer,jdbcType=INTEGER},
      </if>
      <if test="updatedate != null" >
        UpdateDate = #{updatedate,jdbcType=TIMESTAMP},
      </if>
      <if test="operatechannel != null" >
        OperateChannel = #{operatechannel,jdbcType=INTEGER},
      </if>
    </set>
    where RecId = #{recid,jdbcType=INTEGER}
  </update>
  <update id="updateByPrimaryKey" parameterType="com.okay.ad.entity.Suggestion" >
    update ad_suggestion
    set AudienceName = #{audiencename,jdbcType=VARCHAR},
      SuggestionResource = #{suggestionresource,jdbcType=INTEGER},
      SuggestionType = #{suggestiontype,jdbcType=INTEGER},
      SubmitDate = #{submitdate,jdbcType=DATE},
      MobilePhone = #{mobilephone,jdbcType=VARCHAR},
      QQNumber = #{qqnumber,jdbcType=VARCHAR},
      TelePhone = #{telephone,jdbcType=VARCHAR},
      WeixinNumber = #{weixinnumber,jdbcType=VARCHAR},
      Email = #{email,jdbcType=VARCHAR},
      Age = #{age,jdbcType=INTEGER},
      Profession = #{profession,jdbcType=INTEGER},
      AudienceType = #{audiencetype,jdbcType=VARCHAR},
      EducationLevel = #{educationlevel,jdbcType=INTEGER},
      FeedbackChannel = #{feedbackchannel,jdbcType=VARCHAR},
      SuggestionContent = #{suggestioncontent,jdbcType=VARCHAR},
      SuggestionResult = #{suggestionresult,jdbcType=VARCHAR},
      SuggestionState = #{suggestionstate,jdbcType=INTEGER},
      IsCreateAnswer = #{iscreateanswer,jdbcType=INTEGER},
      CreateDate = #{createdate,jdbcType=TIMESTAMP},
      UpdateDate = #{updatedate,jdbcType=TIMESTAMP},
      OperateChannel = #{operatechannel,jdbcType=INTEGER}
    where RecId = #{recid,jdbcType=INTEGER}
  </update>

  <select id="count" resultType="int">
    select count(1) from ad_suggestion
    where 1= 1
    <if test="suggestionResource!=0">
     and  SuggestionResource = #{suggestionResource}
    </if>
    <if test="suggestionType!=0">
      and  SuggestionType = #{suggestionType}
    </if>
    <if test="status!=0">
      and  SuggestionState = #{status}
    </if>
    <if test="startDate != null and  endDate != null" >
      and SubmitDate BETWEEN #{startDate} and #{endDate}
    </if>
  </select>

  <select id="selectByCondition" resultMap="BaseResultMap">
  select  <include refid="Base_Column_List" /> from ad_suggestion
    where 1=1
    <if test="suggestionResource!=0">
      and  SuggestionResource = #{suggestionResource}
    </if>
    <if test="suggestionType!=0">
      and  SuggestionType = #{suggestionType}
    </if>
    <if test="status!=0">
      and  SuggestionState = #{status}
    </if>
    <if test="startDate != null and  endDate != null" >
      and SubmitDate BETWEEN #{startDate} and #{endDate}
    </if>
    Limit  #{startRow},#{pageSize}
  </select>

  <select id="batchInsert" parameterType="list" >
    insert into ad_suggestion
    (AudienceName, SuggestionResource,
    SuggestionType, SubmitDate, MobilePhone,
    QQNumber, TelePhone, WeixinNumber,
    Email, Age, Profession,
    AudienceType, EducationLevel, FeedbackChannel,
    SuggestionContent, SuggestionResult, SuggestionState) VALUES
    <foreach collection="list" item="item" index="index" separator=",">
      (#{item.audiencename},#{item.suggestionresource},#{item.suggestiontype},#{item.submitdate}
      ,#{item.mobilephone},#{item.qqnumber},#{item.telephone},#{item.weixinnumber}
      ,#{item.email},#{item.age},#{item.profession},#{item.audiencetype}
      ,#{item.educationlevel},#{item.feedbackchannel},#{item.suggestioncontent},#{item.suggestionresult}
      ,#{item.suggestionstate})
    </foreach>
  </select>

  <!--意见列表-->
  <select id="getHashMapList" resultType="java.util.HashMap">
    SELECT <include refid="Base_Column_List" />
    from  ad_suggestion  where 1= 1
    <if test="suggestionresource != null" >
      and SuggestionResource = #{suggestionresource,jdbcType=INTEGER}
    </if>
    <if test="suggestiontype != null" >
      and SuggestionType = #{suggestiontype,jdbcType=INTEGER}
    </if>
    <if test="suggestionstate != null" >
      and SuggestionState = #{suggestionstate,jdbcType=INTEGER}
    </if>
    <if test="startDate != null and  endDate != null and startDate != '' and endDate != ''" >
      and SubmitDate BETWEEN #{startDate} and #{endDate}
    </if>
    <if test="audiencename != null and audiencename != ''" >
      and AudienceName like CONCAT('%',#{audiencename},'%')
      or SuggestionContent like CONCAT('%',#{audiencename},'%')
    </if>
    ORDER BY CreateDate desc
  </select>

  <!--根据条件获取总数-->
  <select id="getCount" resultType="java.lang.Integer">
    SELECT  count(1) from  ad_suggestion  where 1= 1
    <if test="suggestionresource != null" >
      and SuggestionResource = #{suggestionresource,jdbcType=INTEGER}
    </if>
    <if test="suggestiontype != null" >
     and SuggestionType = #{suggestiontype,jdbcType=INTEGER}
    </if>
    <if test="suggestionstate != null" >
     and SuggestionState = #{suggestionstate,jdbcType=INTEGER}
    </if>
    <if test="startDate != null and  endDate != null and startDate != '' and endDate != ''" >
      and SubmitDate BETWEEN #{startDate} and #{endDate}
    </if>
    <if test="audiencename != null and audiencename != ''" >
      and AudienceName like CONCAT('%',#{audiencename},'%')
      or SuggestionContent like CONCAT('%',#{audiencename},'%')
    </if>
  </select>
  <!-- 删除多条 -->
  <delete id="deleteByBatch" parameterType="java.util.List">
    delete from ad_suggestion where RecId in
    <foreach collection="ids" item="ids" open="(" separator="," close=")">
      #{ids,jdbcType=VARCHAR}
    </foreach>
  </delete>

  <!-- 意见处理中心-意见管理信息导出数据 -->
  <select id ="suggestExport" resultType="map" parameterType="map">
        select
        <include refid="Base_Column_List" />
        from ad_suggestion

    </select>

</mapper>