<?xml version="1.0" encoding="UTF-8"?>
<!DOCTYPE mapper
        PUBLIC "-//mybatis.org//DTD Mapper 3.0//EN"
        "http://mybatis.org/dtd/mybatis-3-mapper.dtd">
<mapper namespace="com.okay.ad.mapper.TicketTeamMapper">

    <!-- 获取团体门票预约列表 -->
    <select id="getTeamTicketList" resultType="java.util.HashMap">
        SELECT t1id as id, t1ticket_no as ticketNo, t1member_name as memberName, t1member_address as memberAddress,
        t1booking_count as bookingCount,t1booking_person as bookingPerson,t2visit_date as visitDate,
        t1visiting_count as visitingCount, t1status as status,
        DATE_FORMAT(t2visit_date,'%Y-%m-%d') as visitDateStr,
        case t1status when 1 then '未参观' when 2 then '已参观' when 3 then '取消' else '其他' end as statusStr
        from   v_tk_booking_organization  where 1= 1 and t2booking_type=2
        <if test="ticketNo != null and ticketNo != ''" >
            and t1ticket_no like CONCAT('%',#{ticketNo},'%')
        </if>
        <if test="bookingPerson != null  and bookingPerson != '' ">
            and t1booking_person like CONCAT('%',#{bookingPerson},'%')
        </if>
        <if test="startVisitDate != null ">
            and t2visit_date  &gt;= CONCAT(#{startVisitDate},' 00:00:00')
        </if>
        <if test="endVisitDate != null ">
            and t2visit_date  &lt;= CONCAT(#{endVisitDate},' 23:59:59')
        </if>
        ORDER  BY  t1create_time DESC
    </select>


    <!--获取团体门票预约总数-->
    <select id="getTeamTicketCount" resultType="java.lang.Integer">
        SELECT count(1)  from  v_tk_booking_organization  where 1= 1
        <if test="ticketNo != null and ticketNo != ''" >
            and t1ticket_no like CONCAT('%',#{ticketNo},'%')
        </if>
        <if test="bookingPerson != null  and bookingPerson != '' ">
            and t1booking_person like CONCAT('%',#{bookingPerson},'%')
        </if>
        <if test="startVisitDate != null ">
            and t2visit_date  &gt;= CONCAT(#{startVisitDate},' 00:00:00')
        </if>
        <if test="endVisitDate != null ">
            and t2visit_date  &lt;= CONCAT(#{endVisitDate},' 23:59:59')
        </if>
        ORDER  BY  t1create_time DESC
    </select>


    <!--团体数据展示 -->
    <select id="getlist" parameterType="map" resultType="map">
        SELECT t1id as id,t1member_name as member_name,t1booking_person as booking_person,t2mobile as mobile,MAX(t2visit_date) as visit_date,count(t1member_name) AS count,IFNULL(SUM(t1booking_count),0) AS sum   from v_tk_booking_organization
         where 1 =1 and t1status = 2
        <if test="startDate != null and startDate != ''">
            and t2visit_date &gt;= CONCAT(#{startDate},' 00:00:00')
        </if>
        <if test="endDate != null and endDate != ''">
            and t2visit_date &lt;= CONCAT(#{endDate},' 23:59:59')
        </if>
        <if test="name != null and name !=''">
            and t1member_name like concat('%',#{name},'%')
        </if>
        GROUP BY member_name order by t2visit_date desc
    </select>

    <!-- 团队数据查看 -->
    <select id="view" parameterType="string" resultType="map">
        SELECT
        t1id AS id,
        t1member_name AS member_name,
        t1booking_person AS booking_person,
        t2mobile AS mobile,
        t2visit_date AS visit_date,
        IFNULL( t1booking_count, 0 ) AS booking_count,
        IFNULL( t1visiting_count, 0 ) AS visiting_count,
        CASE
        t2is_charge
        WHEN 1 THEN
        '收费'
        WHEN 0 THEN
        '不收费' ELSE ''
        END AS isCharge,
        CASE
        t1status
        WHEN 1 THEN
        '未参观'
        WHEN 2 THEN
        '已参观'
        WHEN 3 THEN
        '取消'
        WHEN 4 THEN
        '已过期' ELSE '当前未知'
        END AS `status`,
        IFNULL( t1ticket_checking, '' ) AS ticket_checking
        FROM
        v_tk_booking_organization
        WHERE
        t1id = #{id}
    </select>
    <!-- 线上行为-团体预约信息导出数据 -->
    <select id ="teamExport" resultType="map" parameterType="map">
        select  t1ticket_no as ticketNo,t1booking_person as bookingPerson,
       DATE_FORMAT(t2visit_date,'%Y-%m-%d') as visitDateStr,
       t1member_name as memberName, t1visiting_count as visitingCount,
       case t1status when 1 then '未参观' when 2 then '已参观' when 3 then '取消' when 4 then '已过期' else '其他' end as statusStr
        from  v_tk_booking_organization  where 1= 1 and t2booking_type=2
    </select>

</mapper>
