<?xml version="1.0" encoding="UTF-8"?>
<!DOCTYPE mapper
        PUBLIC "-//mybatis.org//DTD Mapper 3.0//EN"
        "http://mybatis.org/dtd/mybatis-3-mapper.dtd">
<mapper namespace="com.okay.ad.mapper.TicketServiceExplainMapper">
    <resultMap id="BaseResultMap" type="com.okay.ad.entity.Explain" >
        <id column="explainid" property="explainid" jdbcType="INTEGER" />
        <result column="name" property="name" jdbcType="VARCHAR" />
        <result column="idcard" property="idcard" jdbcType="VARCHAR" />
        <result column="explainname" property="explainname" jdbcType="VARCHAR" />
        <result column="price" property="price" jdbcType="DECIMAL" />
        <result column="starttime" property="starttime" jdbcType="TIMESTAMP" />
        <result column="endtime" property="endtime" jdbcType="TIMESTAMP" />
        <result column="ischarge" property="ischarge" jdbcType="INTEGER" />
        <result column="type" property="type" jdbcType="INTEGER" />
        <result column="content" property="content" jdbcType="VARCHAR" />
        <result column="remark" property="remark" jdbcType="VARCHAR" />
        <result column="label" property="label" jdbcType="VARCHAR" />
        <result column="registrant" property="registrant" jdbcType="VARCHAR" />
        <result column="registrationtime" property="registrationtime" jdbcType="TIMESTAMP" />
        <result column="audiencesize" property="audiencesize" jdbcType="INTEGER" />
    </resultMap>

    <sql id="Base_Column_List" >
    explainid,name,idcard,explainname,price,DATE_FORMAT(starttime,'%Y-%m-%d') as starttime,
    DATE_FORMAT(endtime,'%Y-%m-%d') as endtime,createdate,ischarge,type,content,remark,
    label,registrant,DATE_FORMAT(registrationtime,'%Y-%m-%d') as registrationtime,
        case type when 1 then '讲解' when 2 then '广播' when 3 then '资讯' when 4 then '医疗' else '其他' end as typeStr,
        case ischarge when 0 then '免费' when 1 then '收费' else '其他' end as ischargeStr
    </sql>
<!--根据指定条件获取数据列表-->
<select id="getHashMapList" resultType="java.util.HashMap">
 select name,idcard,explainname,price,starttime,endtime,createdate,ischarge,type,content,remark,label,registrant,registrationtime, 
   explainid   

 from ad_service_explain  where 1=1

         <if test="name != null">
            and name like "%${name}%"
        </if>
         <if test="idcard != null">
            and idcard like "%${idcard}%"
        </if>
         <if test="explainname != null">
            and explainname like "%${explainname}%"
        </if>
         <if test="price != null">
            and price like "%${price}%"
        </if>
         <if test="starttime != null">
            and starttime like "%${starttime}%"
        </if>
         <if test="endtime != null">
            and endtime like "%${endtime}%"
        </if>
         <if test="createdate != null">
            and createdate like "%${createdate}%"
        </if>
         <if test="ischarge != null">
            and ischarge like "%${ischarge}%"
        </if>
         <if test="type != null">
            and type like "%${type}%"
        </if>
         <if test="content != null">
            and content like "%${content}%"
        </if>
         <if test="remark != null">
            and remark like "%${remark}%"
        </if>
         <if test="label != null">
            and label like "%${label}%"
        </if>
         <if test="registrant != null">
            and registrant like "%${registrant}%"
        </if>
         <if test="registrationtime != null">
            and registrationtime like "%${registrationtime}%"
        </if>

</select>
<!--根据主键获取记录-->
<select id="getHashMapByPrimaryKey" resultType="java.util.HashMap">
 select name,idcard,explainname,price,starttime,endtime,createdate,ischarge,type,content,remark,label,registrant,registrationtime, 
  explainid   

from ad_service_explain  where
 explainid  =  ${explainid} 
 

</select>

<!--根据条件获取数据总量-->
<select id="getCount" resultType="java.lang.Integer">
 select 
 count(*) acount
 from ad_service_explain  where 1=1

         <if test="name != null">
            and name like "%${name}%"
        </if>
         <if test="idcard != null">
            and idcard like "%${idcard}%"
        </if>
         <if test="explainname != null">
            and explainname like "%${explainname}%"
        </if>
         <if test="price != null">
            and price like "%${price}%"
        </if>
         <if test="starttime != null">
            and starttime like "%${starttime}%"
        </if>
         <if test="endtime != null">
            and endtime like "%${endtime}%"
        </if>
         <if test="createdate != null">
            and createdate like "%${createdate}%"
        </if>
         <if test="ischarge != null">
            and ischarge like "%${ischarge}%"
        </if>
         <if test="type != null">
            and type like "%${type}%"
        </if>
         <if test="content != null">
            and content like "%${content}%"
        </if>
         <if test="remark != null">
            and remark like "%${remark}%"
        </if>
         <if test="label != null">
            and label like "%${label}%"
        </if>
         <if test="registrant != null">
            and registrant like "%${registrant}%"
        </if>
         <if test="registrationtime != null">
            and registrationtime like "%${registrationtime}%"
        </if>

</select>



    <select id="getEXHashMapList" resultType="java.util.HashMap">
        select
        <include refid="Base_Column_List" />
        from ad_service_explain  where 1=1

        <if test="name != null and name != ''">
            and name like "%${name}%"
        </if>
        <if test="type != null" >
            and (type = #{type} or #{type} = -100)
        </if>
        <if test="startTime != null and startTime != '' and endTime!= null and endTime != '' ">
            and  #{startTime} &lt;= DATE_FORMAT(registrationtime,'%Y-%m-%d') AND #{endTime} &gt;= DATE_FORMAT(registrationtime,'%Y-%m-%d')
        </if>
            order by createdate desc
    </select>


    <select id="getexplaintypeList" resultType="java.util.HashMap">
        select typename,name
        from ad_service_explain  where  1=1
        <if test="type != null and type !='' ">
        AND  type = #{type}
        </if>
        <if test="tname != null and tname !='' ">
        AND  typename = #{tname}
        </if>
    </select>

    <insert id="InsertExplain" parameterType="java.util.Map">
        INSERT INTO ad_service_explain(

        <if test="idcard != null and idcard !='' ">
            idcard,
        </if>
        <if test="explainname != null and explainname !='' ">
            explainname,
        </if>
        <if test="price != null and price !='' ">
            price,
        </if>
        <if test="starttime != null and starttime !='' ">
            starttime,
        </if>
        <if test="endtime != null and endtime !='' ">
            endtime,
        </if>
        <if test="createDate != null and createDate !='' ">
            createDate,
        </if>
        <if test="ischarge != null and ischarge !='' ">
            ischarge,
        </if>
        <if test="type != null and type !='' ">
            type,
        </if>
        <if test="content != null and content !='' ">
            content,
        </if>
        <if test="remark != null and remark !='' ">
            remark,
        </if>
        <if test="label != null and label !='' ">
            label,
        </if>
        <if test="registrant != null and registrant !='' ">
            registrant,
        </if>
        <if test="registrationtime != null and registrationtime !='' ">
            registrationtime,
        </if>
        <if test="audiencesize != null and audiencesize !='' ">
            audiencesize,
        </if>
        <if test="name != null and name !='' ">
            name
        </if>
        )
        VALUES (
        <if test="idcard != null and idcard !='' ">
            #{idcard},
        </if>
        <if test="explainname != null and explainname !='' ">
            #{explainname},
        </if>
        <if test="price != null and price !='' ">
            #{price},
        </if>
        <if test="starttime != null and starttime !='' ">
            #{starttime},
        </if>
        <if test="endtime != null and endtime !='' ">
            #{endtime},
        </if>
        <if test="createDate != null and createDate !='' ">
            #{createDate},
        </if>
        <if test="ischarge != null and ischarge !='' ">
          <if test="ischarge != '是'.toString()">
            1,
        </if>
            <if test="ischarge == '是'.toString()">
                0,
            </if>
        </if>
        <if test="type != null and type !='' ">
            #{type},
        </if>
        <if test="content != null and content !='' ">
            #{content},
        </if>
        <if test="remark != null and remark !='' ">
            #{remark},
        </if>
        <if test="label != null and label !='' ">
            #{label},
        </if>
        <if test="registrant != null and registrant !='' ">
            #{registrant},
        </if>
        <if test="registrationtime != null and registrationtime !='' ">
            #{registrationtime},
        </if>
        <if test="audiencesize != null and audiencesize !='' ">
            #{audiencesize},
        </if>
        <if test="name != null and name !='' ">
            #{name}
        </if>
        )
    </insert>



    <select id="selectExplainListById" resultType="java.util.HashMap">
        select explainid,name,idcard,explainname,price,DATE_FORMAT(starttime,"%Y-%m-%d") starttime,DATE_FORMAT(endtime,"%Y-%m-%d") endtime,createDate
        ,ischarge,type,content,remark,label,registrant,registrationtime,audiencesize
        from ad_service_explain  where explainid = #{id}
    </select>
    <!-- 批量删除 -->
    <delete id="deleteByBatch" parameterType="java.util.List">
        delete from ad_service_explain where explainid in
        <foreach collection="ids" item="ids" open="(" separator="," close=")">
            #{ids,jdbcType=VARCHAR}
        </foreach>
    </delete>
    <select id="selectByPrimaryKey" resultMap="BaseResultMap"  parameterType="java.lang.Integer" >
        select
        <include refid="Base_Column_List" />
        from ad_service_explain
        where explainid = #{explainid,jdbcType=INTEGER}
    </select>
    <!-- 线下行为-服务管理信息导出数据 -->
    <select id ="explainExport" resultType="map" parameterType="map">
        select  <include refid="Base_Column_List"/>
        from ad_service_explain
    </select>
</mapper>
