<?xml version="1.0" encoding="UTF-8"?>
<!DOCTYPE mapper
        PUBLIC "-//mybatis.org//DTD Mapper 3.0//EN"
        "http://mybatis.org/dtd/mybatis-3-mapper.dtd">
<mapper namespace="com.okay.ad.mapper.WxDataMapper">
<!--根据指定条件获取数据列表-->
<select id="getHashMapList" resultType="java.util.HashMap">
 select wxrefdate,msgid,title,sharecount,addtofavcount,shareuser,addtofavuser,pagereadcount, 
   wxid   

 from wx_data  where 1=1  

         <if test="wxrefdate != null">
            and wxrefdate like "%${wxrefdate}%"
        </if>
         <if test="msgid != null">
            and msgid like "%${msgid}%"
        </if>
         <if test="title != null">
            and title like "%${title}%"
        </if>
         <if test="sharecount != null">
            and sharecount like "%${sharecount}%"
        </if>
         <if test="addtofavcount != null">
            and addtofavcount like "%${addtofavcount}%"
        </if>
         <if test="shareuser != null">
            and shareuser like "%${shareuser}%"
        </if>
         <if test="addtofavuser != null">
            and addtofavuser like "%${addtofavuser}%"
        </if>
         <if test="pagereadcount != null">
            and pagereadcount like "%${pagereadcount}%"
        </if>

</select>
<!--根据主键获取记录-->
<select id="getHashMapByPrimaryKey" resultType="java.util.HashMap">
 select wxrefdate,msgid,title,sharecount,addtofavcount,shareuser,addtofavuser,pagereadcount, 
  wxid
from wx_data  where
 wxid  =  ${wxid}
</select>

<!--根据条件获取数据总量-->
<select id="getCount" resultType="java.lang.Integer">
 select 
 count(*) acount
 from wx_data  where 1=1  

         <if test="wxrefdate != null">
            and wxrefdate like "%${wxrefdate}%"
        </if>
         <if test="msgid != null">
            and msgid like "%${msgid}%"
        </if>
         <if test="title != null">
            and title like "%${title}%"
        </if>
         <if test="sharecount != null">
            and sharecount like "%${sharecount}%"
        </if>
         <if test="addtofavcount != null">
            and addtofavcount like "%${addtofavcount}%"
        </if>
         <if test="shareuser != null">
            and shareuser like "%${shareuser}%"
        </if>
         <if test="addtofavuser != null">
            and addtofavuser like "%${addtofavuser}%"
        </if>
         <if test="pagereadcount != null">
            and pagereadcount like "%${pagereadcount}%"
        </if>
</select>
<!--获取记录-->
<select id="getWxListByPrimaryKey" resultType="java.util.HashMap">
    select date_format(wxrefdate,"%Y-%m-%d %T") as wxrefdate,msgid,title,sharecount,addtofavcount,shareuser,addtofavuser,pagereadcount,
    wxid
    from wx_data  where 1=1
    <if test="title != null and title != ''" >
        and title like #{title,jdbcType=VARCHAR}
    </if>
    <if test="startDate != null and  endDate != null" >
        and wxrefdate BETWEEN #{startDate} and #{endDate}
    </if>
    ORDER  BY  wxrefdate DESC
</select>

<!--获取记录数-->
<select id="getWxCountByPrimaryKey" resultType="java.lang.Integer">
    select count(*) from wx_data  where 1=1
    <if test="title != null and title != ''" >
        and title = #{title,jdbcType=VARCHAR}
    </if>
    <if test="startDate != null and  endDate != null" >
        and wxrefdate BETWEEN #{startDate} and #{endDate}
    </if>
    ORDER  BY  wxrefdate DESC
</select>
</mapper>
