{
    "list": [{
        "title": "你的性别？",
        "datas": [{
            "name": "男",
            "value": 1
        }, {
            "name": "女",
            "value": 2
        }]
    }, {
        "title": "你的年龄？",
        "datas": [{
            "name": "17岁以下",
            "value": 1
        }, {
            "name": "18-40岁",
            "value": 2
        }, {
            "name": "41-65岁",
            "value": 3
        }, {
            "name": "65以上",
            "value": 4
        }]
    }, {
        "title": "你的受教育程度？",
        "datas": [{
            "name": "初中及以下",
            "value": 1
        }, {
            "name": "高中或中专",
            "value": 2
        }, {
            "name": "大专及本科",
            "value": 3
        }, {
            "name": "研究生(含)以上",
            "value": 4
        }, {
            "name": "研究生(含)以上",
            "value": 5
        }]
    }, {
        "title": "你的职业？",
        "datas": [{
            "name": "学生",
            "value": 1
        }, {
            "name": "老师",
            "value": 2
        }, {
            "name": "公务员",
            "value": 3
        }, {
            "name": "军人或警察",
            "value": 4
        }, {
            "name": "国企或事业单位",
            "value": 5
        }, {
            "name": "离退休人员",
            "value": 6
        }, {
            "name": "其他",
            "value": 7
        }]
    }, {
        "title": "你来自于那个城市？",
        "datas": [{
            "name": "广州市",
            "value": 1
        }, {
            "name": "广州市外",
            "value": 2
        }, {
            "name": "广东省外",
            "value": 3
        }, {
            "name": "国外",
            "value": 4
        }]
    }, {
        "title": "你的参观形式？",
        "datas": [{
            "name": "独自参观",
            "value": 1
        }, {
            "name": "与朋友一起",
            "value": 2
        }, {
            "name": "与家人一起",
            "value": 3
        }, {
            "name": "单位团体",
            "value": 4
        }, {
            "name": "旅游团体",
            "value": 5
        }, {
            "name": "学生团体",
            "value": 6
        }, {
            "name": "其他",
            "value": 7
        }]
    }, {
        "title": "您觉得基本陈列中的哪个主题展览比较吸引您?（可多选）",
        "type": "check",
        "datas": [{
            "name": "红二、红六军团领导住址复原陈列",
            "value": 1
        }, {
            "name": "中共贵州地下党在华侨地区的革命活动",
            "value": 2
        }, {
            "name": "红军在黔西北",
            "value": 3
        }, {
            "name": "人类起源 乌蒙史话",
            "value": 4
        }, {
            "name": "三省红都试验区精神",
            "value": 5
        }]
    }, {
        "title": "您对本馆的总体评价?",
        "type": 3,
        "datas": [{
            "name": " 非常满意",
            "value": 1
        }, {
            "name": "满意",
            "value": 2
        }, {
            "name": " 一般",
            "value": 3
        }, {
            "name": "不满意，原因：",
            "value": 4
        }]
    }, {
        "title": "您对本馆还有什么建议?",
        "type": 4
    }]
}