<?xml version="1.0" encoding="UTF-8"?>
<!DOCTYPE mapper PUBLIC "-//mybatis.org//DTD Mapper 3.0//EN" "http://mybatis.org/dtd/mybatis-3-mapper.dtd">
<mapper namespace="com.okay.rfid.mapper.RfidBeaconMapperRfid">

  <delete id="deleteByPrimaryKey" parameterType="java.lang.String">
    delete from rfid_beacon
    where ID_ = #{id,jdbcType=VARCHAR}
  </delete>

  <insert id="insert" parameterType="com.okay.rfid.impl.entity.RfidBeaconEntityImpl">
    insert into rfid_beacon (ID_, RFID_, TYPE_, DESCRIBE_, STATE_,
      CREATED_TIME_, UPDATED_TIME_, CREATED_BY_, UPDATED_BY_)
    values (#{id,jdbcType=VARCHAR}, #{rfid,jdbcType=VARCHAR}, #{type,jdbcType=VARCHAR}, #{describe,jdbcType=VARCHAR}, #{state},
      #{createdTime,jdbcType=TIMESTAMP}, #{updatedTime,jdbcType=TIMESTAMP}, #{createdBy,jdbcType=VARCHAR}, #{updatedBy,jdbcType=VARCHAR})
  </insert>

  <update id="updateByPrimaryKey" parameterType="com.okay.rfid.impl.entity.RfidBeaconEntityImpl">
    update rfid_beacon
    set RFID_ = #{rfid,jdbcType=VARCHAR},
      TYPE_ = #{type,jdbcType=VARCHAR},
      DESCRIBE_ = #{describe,jdbcType=VARCHAR},
      STATE_ = #{state},
      CREATED_TIME_ = #{createdTime,jdbcType=TIMESTAMP},
      UPDATED_TIME_ = #{updatedTime,jdbcType=TIMESTAMP},
      CREATED_BY_ = #{createdBy,jdbcType=VARCHAR},
      UPDATED_BY_ = #{updatedBy,jdbcType=VARCHAR}
    where ID_ = #{id,jdbcType=VARCHAR}
  </update>

  <resultMap id="BaseResultMap" type="com.okay.rfid.impl.entity.RfidBeaconEntityImpl">
    <id column="ID_" jdbcType="VARCHAR" property="id" />
    <result column="RFID_" jdbcType="VARCHAR" property="rfid" />
    <result column="TYPE_" jdbcType="VARCHAR" property="type" />
    <result column="DESCRIBE_" jdbcType="VARCHAR" property="describe" />
    <result column="STATE_" property="state" />
    <result column="CREATED_TIME_" jdbcType="TIMESTAMP" property="createdTime" />
    <result column="UPDATED_TIME_" jdbcType="TIMESTAMP" property="updatedTime" />
    <result column="CREATED_BY_" jdbcType="VARCHAR" property="createdBy" />
    <result column="UPDATED_BY_" jdbcType="VARCHAR" property="updatedBy" />
  </resultMap>

  <sql id="Base_Column_List">
    ID_, RFID_, TYPE_, DESCRIBE_, STATE_, CREATED_TIME_, UPDATED_TIME_, CREATED_BY_, UPDATED_BY_
  </sql>

  <select id="selectByPrimaryKey" parameterType="java.lang.String" resultMap="BaseResultMap">
    select
    <include refid="Base_Column_List" />
    from rfid_beacon
    where ID_ = #{id,jdbcType=VARCHAR}
  </select>

  <select id="selectByRfid" parameterType="java.lang.String" resultMap="BaseResultMap">
    select
    <include refid="Base_Column_List" />
    from rfid_beacon
    where RFID_ = #{rfid,jdbcType=VARCHAR}
  </select>

</mapper>