<?xml version="1.0" encoding="UTF-8"?>
<!DOCTYPE mapper PUBLIC "-//mybatis.org//DTD Mapper 3.0//EN" "http://mybatis.org/dtd/mybatis-3-mapper.dtd">
<mapper namespace="com.okay.rfid.mapper.RfidTellBusinessMapperRfid">

  <delete id="deleteByPrimaryKey" parameterType="java.lang.String">
    delete from rfid_tell_business
    where ID_ = #{id,jdbcType=VARCHAR}
  </delete>

  <insert id="insert" parameterType="com.okay.rfid.impl.entity.RfidTellBusinessEntityImpl">
    insert into rfid_tell_business (ID_, TELL_LOG_ID_, ACCESS_BUSINESS_, ACCESS_BUSINESS_ID_,
      ACCESS_BUSINESS_TYPE_, IS_ERROR_, EXCEPTION_TYPE_,
      EXCEPTION_MSG_, IS_ASYNC_)
    values (#{id,jdbcType=VARCHAR}, #{tellLogId,jdbcType=VARCHAR}, #{accessBusiness,jdbcType=VARCHAR}, #{accessBusinessId,jdbcType=VARCHAR},
      #{accessBusinessType,jdbcType=VARCHAR}, #{isError,jdbcType=BOOLEAN}, #{exceptionType,jdbcType=VARCHAR},
      #{exceptionMsg,jdbcType=VARCHAR}, #{isAsync,jdbcType=BOOLEAN})
  </insert>

  <update id="updateByPrimaryKey" parameterType="com.okay.rfid.impl.entity.RfidTellBusinessEntityImpl">
    update rfid_tell_business
    set TELL_LOG_ID_ = #{tellLogId,jdbcType=VARCHAR},
      ACCESS_BUSINESS_ = #{accessBusiness,jdbcType=VARCHAR},
      ACCESS_BUSINESS_ID_ = #{accessBusinessId,jdbcType=VARCHAR},
      ACCESS_BUSINESS_TYPE_ = #{accessBusinessType,jdbcType=VARCHAR},
      IS_ERROR_ = #{isError,jdbcType=BOOLEAN},
      EXCEPTION_TYPE_ = #{exceptionType,jdbcType=VARCHAR},
      EXCEPTION_MSG_ = #{exceptionMsg,jdbcType=VARCHAR},
      IS_ASYNC_ = #{isAsync,jdbcType=BOOLEAN}
    where ID_ = #{id,jdbcType=VARCHAR}
  </update>

  <resultMap id="BaseResultMap" type="com.okay.rfid.impl.entity.RfidTellBusinessEntityImpl">
    <id column="ID_" jdbcType="VARCHAR" property="id" />
    <result column="TELL_LOG_ID_" jdbcType="VARCHAR" property="tellLogId" />
    <result column="ACCESS_BUSINESS_" jdbcType="VARCHAR" property="accessBusiness" />
    <result column="ACCESS_BUSINESS_ID_" jdbcType="VARCHAR" property="accessBusinessId" />
    <result column="ACCESS_BUSINESS_TYPE_" jdbcType="VARCHAR" property="accessBusinessType" />
    <result column="IS_ERROR_" jdbcType="BOOLEAN" property="isError" />
    <result column="EXCEPTION_TYPE_" jdbcType="VARCHAR" property="exceptionType" />
    <result column="EXCEPTION_MSG_" jdbcType="VARCHAR" property="exceptionMsg" />
    <result column="IS_ASYNC_" jdbcType="BOOLEAN" property="isAsync" />
  </resultMap>

  <sql id="Base_Column_List">
    ID_, TELL_LOG_ID_, ACCESS_BUSINESS_, ACCESS_BUSINESS_ID_, ACCESS_BUSINESS_TYPE_,
    IS_ERROR_, EXCEPTION_TYPE_, EXCEPTION_MSG_, IS_ASYNC_
  </sql>

  <select id="selectByPrimaryKey" parameterType="java.lang.String" resultMap="BaseResultMap">
    select
    <include refid="Base_Column_List" />
    from rfid_tell_business
    where ID_ = #{id,jdbcType=VARCHAR}
  </select>

</mapper>