<?xml version="1.0" encoding="UTF-8"?>
<!DOCTYPE mapper PUBLIC "-//mybatis.org//DTD Mapper 3.0//EN" "http://mybatis.org/dtd/mybatis-3-mapper.dtd">
<mapper namespace="com.okay.rfid.mapper.RfidAccessQueryMapper">

  <resultMap id="SelectQueryResultMap" type="com.okay.rfid.impl.query.result.RfidAccessResultImpl">
    <id column="ID_" jdbcType="VARCHAR" property="id" />
    <result column="RFID_" jdbcType="VARCHAR" property="rfid" />
    <result column="ACCESS_BUSINESS_" jdbcType="VARCHAR" property="accessBusiness" />
    <result column="TYPE_" jdbcType="VARCHAR" property="type" />
    <result column="CREATED_TIME_" jdbcType="TIMESTAMP" property="createdTime" />
    <result column="CREATED_BY_" jdbcType="VARCHAR" property="createdBy" />
    <result column="BUSINESS_ID_" jdbcType="VARCHAR" property="businessId" />
    <result column="BUSINESS_TYPE_" jdbcType="VARCHAR" property="businessType" />

    <result column="NAME_" jdbcType="VARCHAR" property="name" />
  </resultMap>

  <select id="selectQueryCount" parameterType="com.okay.rfid.impl.query.RfidAccessQueryImpl" resultType="java.lang.Long">
    select count(*)
    <include refid="SelectQuerySqlTables"></include>
    <include refid="SelectQuerySqlWhere"></include>
  </select>

  <select id="selectQuery" parameterType="com.okay.rfid.impl.query.RfidAccessQueryImpl" resultMap="SelectQueryResultMap">
    ${limitBefore}
    <include refid="SelectQuerySqlColumns"></include>
    <include refid="SelectQuerySqlTables"></include>
    <include refid="SelectQuerySqlWhere"></include>
    <include refid="SelectQuerySqlOrderBy"></include>
    ${limitAfter}
  </select>

  <sql id="SelectQuerySqlColumns">
    select AC.ID_ as ID_, AC.RFID_ as RFID_, AC.ACCESS_BUSINESS_ as ACCESS_BUSINESS_, AC.TYPE_ as TYPE_, AC.CREATED_TIME_ as CREATED_TIME_, AC.CREATED_BY_ as CREATED_BY_,
    AC.BUSINESS_ID_ as BUSINESS_ID_, AC.BUSINESS_TYPE_ as BUSINESS_TYPE_, INFO.NAME_ as NAME_
  </sql>

  <sql id="SelectQuerySqlTables">
    from ${prefix}rfid_access AC
      left join ${prefix}rfid_beacon B
        on AC.RFID_ = B.RFID_
      left join ${prefix}rfid_info INFO
        on AC.RFID_ = INFO.RFID_
  </sql>

  <sql id="SelectQuerySqlOrderBy">
    <if test="orderBy != null">
      order by
      <if test="orderBy == 'createdTimeDesc'">
        AC.CREATED_TIME_ desc
      </if>
    </if>
  </sql>

  <sql id="InOrCondition">
    <choose>
      <when test="queryObject.inOrCondition">
        or
      </when>
      <when test="!queryObject.inOrCondition">
        and
      </when>
    </choose>
  </sql>

  <sql id="LinkOrCondition">
    <choose>
      <when test="queryObject.linkOrCondition">
        or
      </when>
      <when test="!queryObject.linkOrCondition">
        and
      </when>
    </choose>
  </sql>

  <sql id="SelectQuerySqlWhere">
    <where>
      <if test="queryObjects != null">
        <foreach collection="queryObjects" index="qIndex" item="queryObject">
          <trim prefixOverrides="OR||AND">
            <include refid="LinkOrCondition"></include>
          </trim>
          <trim prefix="(" prefixOverrides="OR||AND" suffix=")">
            <if test="queryObject.nameLike != null">
              <include refid="InOrCondition"></include>
              INFO.NAME_ like CONCAT("%",#{queryObject.nameLike,jdbcType=VARCHAR},"%")
            </if>

            <if test="queryObject.rfidLike != null">
              <include refid="InOrCondition"></include>
              AC.RFID_ like CONCAT("%",#{queryObject.rfidLike,jdbcType=VARCHAR},"%")
            </if>

            <if test="queryObject.type != null">
              <include refid="InOrCondition"></include>
              B.TYPE_ = #{queryObject.type,jdbcType=VARCHAR}
            </if>

            <if test="queryObject.types != null">
              <include refid="InOrCondition"></include>
              B.TYPE_ in
              <foreach collection="queryObject.types" index="cIndex" item="type" open="(" separator="," close=")">
                #{type,jdbcType=VARCHAR}
              </foreach>
            </if>

            <choose>
              <when test="queryObject.businessId != null">
                <include refid="InOrCondition"></include>
                (AC.BUSINESS_ID_ = #{queryObject.businessId,jdbcType=VARCHAR}
                and AC.BUSINESS_TYPE_ = #{queryObject.businessType,jdbcType=VARCHAR})
              </when>
            </choose>

            <if test="queryObject.accessBusiness != null">
              <include refid="InOrCondition"></include>
              AC.ACCESS_BUSINESS_ = #{queryObject.accessBusiness,jdbcType=VARCHAR}
            </if>

            <if test="queryObject.gteCreatedTime != null">
              <include refid="InOrCondition"></include>
              AC.CREATED_TIME_ <![CDATA[ >= ]]> #{queryObject.gteCreatedTime,jdbcType=TIMESTAMP}
            </if>

            <if test="queryObject.ltCreatedTime != null">
              <include refid="InOrCondition"></include>
              AC.CREATED_TIME_ <![CDATA[ < ]]> #{queryObject.ltCreatedTime,jdbcType=TIMESTAMP}
            </if>

          </trim>
        </foreach>
      </if>
    </where>
  </sql>

</mapper>