<?xml version="1.0" encoding="UTF-8"?>
<!DOCTYPE mapper PUBLIC "-//mybatis.org//DTD Mapper 3.0//EN" "http://mybatis.org/dtd/mybatis-3-mapper.dtd">
<mapper namespace="com.okay.rfid.mapper.RfidBusinessQueryMapper">

  <resultMap id="SelectQueryResultMap" type="com.okay.rfid.impl.query.result.RfidBusinessResultImpl">
    <id column="ID_" jdbcType="VARCHAR" property="id" />
    <result column="PARENT_ID_" jdbcType="VARCHAR" property="parentId" />
    <result column="BUSINESS_ID_" jdbcType="VARCHAR" property="businessId" />
    <result column="BUSINESS_TYPE_" jdbcType="VARCHAR" property="businessType" />
    <result column="BUSINESS_BY_" jdbcType="VARCHAR" property="businessBy" />
    <result column="CREATED_TIME_" jdbcType="TIMESTAMP" property="createdTime" />
    <result column="UPDATED_TIME_" jdbcType="TIMESTAMP" property="updatedTime" />
    <result column="IS_COMPLETE_" jdbcType="BOOLEAN" property="isComplete" />
  </resultMap>

  <resultMap id="SelectQueryIncludeAllSubsetResultMap" type="com.okay.rfid.impl.query.result.RfidBusinessResultImpl">
    <id column="ID_" jdbcType="VARCHAR" property="id" />
    <result column="PARENT_ID_" jdbcType="VARCHAR" property="parentId" />
    <result column="BUSINESS_ID_" jdbcType="VARCHAR" property="businessId" />
    <result column="BUSINESS_TYPE_" jdbcType="VARCHAR" property="businessType" />
    <result column="BUSINESS_BY_" jdbcType="VARCHAR" property="businessBy" />
    <result column="CREATED_TIME_" jdbcType="TIMESTAMP" property="createdTime" />
    <result column="UPDATED_TIME_" jdbcType="TIMESTAMP" property="updatedTime" />
    <result column="IS_COMPLETE_" jdbcType="BOOLEAN" property="isComplete" />

    <collection property="subset" select="selectIncludeAllSubsetByParentId" column="ID_"></collection>
  </resultMap>

  <select id="selectQueryCount" parameterType="com.okay.rfid.impl.query.RfidBusinessQueryImpl" resultType="java.lang.Long">
    select count(*)
    <include refid="SelectQuerySqlTables"></include>
    <include refid="SelectQuerySqlWhere"></include>
  </select>

  <select id="selectQuery" parameterType="com.okay.rfid.impl.query.RfidBusinessQueryImpl" resultMap="SelectQueryResultMap">
    ${limitBefore}
    <include refid="SelectQuerySqlColumns"></include>
    <include refid="SelectQuerySqlTables"></include>
    <include refid="SelectQuerySqlWhere"></include>
    ${orderBy}
    ${limitAfter}
  </select>

  <select id="selectQueryIncludeAllSubset" parameterType="com.okay.rfid.impl.query.RfidBusinessQueryImpl" resultMap="SelectQueryIncludeAllSubsetResultMap">
    ${limitBefore}
    <include refid="SelectQuerySqlColumns"></include>
    <include refid="SelectQuerySqlTables"></include>
    <include refid="SelectQuerySqlWhere"></include>
    ${limitAfter}
  </select>

  <select id="selectIncludeAllSubsetByParentId" parameterType="java.lang.String" resultMap="SelectQueryIncludeAllSubsetResultMap">
    select BUSI.ID_ as ID_, BUSI.PARENT_ID_ as PARENT_ID_, BUSI.BUSINESS_ID_ as BUSINESS_ID_, BUSI.BUSINESS_TYPE_ as BUSINESS_TYPE_,
    BUSI.BUSINESS_BY_ as BUSINESS_BY_, BUSI.CREATED_TIME_ as CREATED_TIME_, BUSI.UPDATED_TIME_ as UPDATED_TIME_,
    BUSI.IS_COMPLETE_ as IS_COMPLETE_
    from rfid_business as BUSI
    where BUSI.PARENT_ID_ = #{parentId,jdbcType=VARCHAR}
  </select>

  <sql id="SelectQuerySqlColumns">
    select BUSI.ID_ as ID_, BUSI.PARENT_ID_ as PARENT_ID_, BUSI.BUSINESS_ID_ as BUSINESS_ID_, BUSI.BUSINESS_TYPE_ as BUSINESS_TYPE_,
    BUSI.BUSINESS_BY_ as BUSINESS_BY_, BUSI.CREATED_TIME_ as CREATED_TIME_, BUSI.UPDATED_TIME_ as UPDATED_TIME_,
    BUSI.IS_COMPLETE_ as IS_COMPLETE_
  </sql>

  <sql id="SelectQuerySqlTables">
    from ${prefix}rfid_business as BUSI
  </sql>

  <sql id="InOrCondition">
    <choose>
      <when test="queryObject.inOrCondition">
        or
      </when>
      <when test="!queryObject.inOrCondition">
        and
      </when>
    </choose>
  </sql>

  <sql id="LinkOrCondition">
    <choose>
      <when test="queryObject.linkOrCondition">
        or
      </when>
      <when test="!queryObject.linkOrCondition">
        and
      </when>
    </choose>
  </sql>

  <sql id="SelectQuerySqlWhere">
    <where>
      <if test="queryObjects != null">
        <foreach collection="queryObjects" index="qIndex" item="queryObject">
          <trim prefixOverrides="OR||AND">
            <include refid="LinkOrCondition"></include>
          </trim>
          <trim prefix="(" prefixOverrides="OR||AND" suffix=")">
            <if test="queryObject.parentId != null">
              <include refid="InOrCondition"></include>
              BUSI.PARENT_ID_ = #{queryObject.parentId,jdbcType=VARCHAR}
            </if>

            <choose>
              <when test="queryObject.businessId != null">
                <include refid="InOrCondition"></include>
                (BUSI.BUSINESS_ID_ = #{queryObject.businessId,jdbcType=VARCHAR}
                and BUSI.BUSINESS_TYPE_ = #{queryObject.businessType,jdbcType=VARCHAR})
              </when>
              <when test="queryObject.businessIds != null">
                <include refid="InOrCondition"></include>
                (BUSI.BUSINESS_ID_ in
                <foreach collection="queryObject.businessIds" index="cIndex" item="businessId" open="(" separator="," close=")">
                  #{businessId,jdbcType=VARCHAR}
                </foreach>
                and BUSI.BUSINESS_TYPE_ = #{queryObject.businessType,jdbcType=VARCHAR})
              </when>
              <when test="queryObject.businessType != null">
                <include refid="InOrCondition"></include>
                BUSI.BUSINESS_TYPE_ = #{queryObject.businessType,jdbcType=VARCHAR}
              </when>
            </choose>

            <if test="queryObject.complete != null">
              <include refid="InOrCondition"></include>
              BUSI.IS_COMPLETE_ =
              <if test="queryObject.complete">1</if>
              <if test="!queryObject.complete">0</if>
            </if>

          </trim>
        </foreach>
      </if>
    </where>
  </sql>

</mapper>