<?xml version="1.0" encoding="UTF-8"?>
<!DOCTYPE mapper PUBLIC "-//mybatis.org//DTD Mapper 3.0//EN" "http://mybatis.org/dtd/mybatis-3-mapper.dtd">
<mapper namespace="com.okay.rfid.mapper.RfidInfoQueryMapper">

  <resultMap id="SelectQueryResultMap" type="com.okay.rfid.impl.query.result.RfidInfoResultImpl">
    <id column="ID_" jdbcType="VARCHAR" property="id" />
    <result column="NAME_" jdbcType="VARCHAR" property="name" />
    <result column="RFID_" jdbcType="VARCHAR" property="rfid" />
    <result column="TYPE_" jdbcType="VARCHAR" property="type" />
    <result column="DESCRIBE_" jdbcType="VARCHAR" property="describe" />
    <result column="BUSINESS_ID_" jdbcType="VARCHAR" property="businessId" />
    <result column="BUSINESS_TYPE_" jdbcType="VARCHAR" property="businessType" />
    <result column="CREATED_TIME_" jdbcType="TIMESTAMP" property="createdTime" />
    <result column="CREATED_BY_" jdbcType="VARCHAR" property="createdBy" />
    <result column="LAST_UPDATED_TIME_" jdbcType="TIMESTAMP" property="lastUpdatedTime" />
    <result column="LAST_UPDATED_BY_" jdbcType="VARCHAR" property="lastUpdatedBy" />
    <result column="IS_DELETE_" jdbcType="BOOLEAN" property="isDelete" />
  </resultMap>

  <select id="selectQueryCount" parameterType="com.okay.rfid.impl.query.RfidInfoQueryImpl" resultType="java.lang.Long">
    select count(*)
    <include refid="SelectQuerySqlTables"></include>
    <include refid="SelectQuerySqlWhere"></include>
  </select>

  <select id="selectQuery" parameterType="com.okay.rfid.impl.query.RfidInfoQueryImpl" resultMap="SelectQueryResultMap">
    ${limitBefore}
    <include refid="SelectQuerySqlColumns"></include>
    <include refid="SelectQuerySqlTables"></include>
    <include refid="SelectQuerySqlWhere"></include>
    <include refid="SelectQuerySqlOrderBy"></include>
    ${limitAfter}
  </select>

  <sql id="SelectQuerySqlColumns">
    select INFO.ID_ as ID_, INFO.NAME_ as NAME_, INFO.RFID_ as RFID_, INFO.TYPE_ as TYPE_, INFO.DESCRIBE_ as DESCRIBE_,
    INFO.BUSINESS_ID_ as BUSINESS_ID_, INFO.BUSINESS_TYPE_ as BUSINESS_TYPE_, INFO.CREATED_TIME_ as CREATED_TIME_,
    INFO.CREATED_BY_ as CREATED_BY_, INFO.LAST_UPDATED_TIME_ as LAST_UPDATED_TIME_, INFO.LAST_UPDATED_BY_ as LAST_UPDATED_BY_, INFO.IS_DELETE_ as IS_DELETE_
  </sql>

  <sql id="SelectQuerySqlTables">
    from ${prefix}rfid_info as INFO
  </sql>

  <sql id="SelectQuerySqlOrderBy">
    <if test="orderBy != null">
      order by
      <if test="orderBy == 'lastUpdateTimeDesc'">
        INFO.LAST_UPDATED_TIME_ desc
      </if>
    </if>
  </sql>

  <sql id="InOrCondition">
    <choose>
      <when test="queryObject.inOrCondition">
        or
      </when>
      <when test="!queryObject.inOrCondition">
        and
      </when>
    </choose>
  </sql>

  <sql id="LinkOrCondition">
    <choose>
      <when test="queryObject.linkOrCondition">
        or
      </when>
      <when test="!queryObject.linkOrCondition">
        and
      </when>
    </choose>
  </sql>

  <sql id="SelectQuerySqlWhere">
    <where>
      <if test="queryObjects != null">
        <foreach collection="queryObjects" index="qIndex" item="queryObject">
          <trim prefixOverrides="OR||AND">
            <include refid="LinkOrCondition"></include>
          </trim>
          <trim prefix="(" prefixOverrides="OR||AND" suffix=")">
            <if test="queryObject.nameLike != null">
              <include refid="InOrCondition"></include>
              INFO.NAME_ like CONCAT("%",#{queryObject.nameLike,jdbcType=VARCHAR},"%")
            </if>

            <if test="queryObject.rfidLike != null">
              <include refid="InOrCondition"></include>
              INFO.RFID_ like CONCAT("%",#{queryObject.rfidLike,jdbcType=VARCHAR},"%")
            </if>

            <if test="queryObject.type != null">
              <include refid="InOrCondition"></include>
              INFO.TYPE_ = #{queryObject.type,jdbcType=VARCHAR}
            </if>

            <if test="queryObject.types != null">
              <include refid="InOrCondition"></include>
              INFO.TYPE_ in
              <foreach collection="queryObject.types" index="cIndex" item="type" open="(" separator="," close=")">
                #{type,jdbcType=VARCHAR}
              </foreach>
            </if>

            <choose>
              <when test="queryObject.businessId != null">
                <include refid="InOrCondition"></include>
                (INFO.BUSINESS_ID_ = #{queryObject.businessId,jdbcType=VARCHAR}
                and INFO.BUSINESS_TYPE_ = #{queryObject.businessType,jdbcType=VARCHAR})
              </when>
              <when test="queryObject.businessIds != null">
                <include refid="InOrCondition"></include>
                (INFO.BUSINESS_ID_ in
                <foreach collection="queryObject.businessIds" index="cIndex" item="businessId" open="(" separator="," close=")">
                  #{businessId,jdbcType=VARCHAR}
                </foreach>
                and INFO.BUSINESS_TYPE_ = #{queryObject.businessType,jdbcType=VARCHAR})
              </when>
              <when test="queryObject.businessType != null">
                <include refid="InOrCondition"></include>
                INFO.BUSINESS_TYPE_ = #{queryObject.businessType,jdbcType=VARCHAR}
              </when>
            </choose>

            <if test="queryObject.deleted != null">
              <include refid="InOrCondition"></include>
              INFO.IS_DELETE_ =
              <if test="!queryObject.deleted">0</if>
              <if test="queryObject.deleted">1</if>
            </if>

            <if test="queryObject.gteLastUpdatedTime != null">
              <include refid="InOrCondition"></include>
              INFO.LAST_UPDATED_TIME_ <![CDATA[ >= ]]> #{queryObject.gteLastUpdatedTime,jdbcType=TIMESTAMP}
            </if>

            <if test="queryObject.ltLastUpdatedTime != null">
              <include refid="InOrCondition"></include>
              INFO.LAST_UPDATED_TIME_ <![CDATA[ < ]]> #{queryObject.ltLastUpdatedTime,jdbcType=TIMESTAMP}
            </if>

          </trim>
        </foreach>
      </if>
    </where>
  </sql>

</mapper>