<?xml version="1.0" encoding="UTF-8"?>
<!DOCTYPE mapper PUBLIC "-//mybatis.org//DTD Mapper 3.0//EN" "http://mybatis.org/dtd/mybatis-3-mapper.dtd">
<mapper namespace="com.okay.rfid.mapper.RfidTellLogMapperRfid">

  <delete id="deleteByPrimaryKey" parameterType="java.lang.String">
    delete from rfid_tell_log
    where ID_ = #{id,jdbcType=VARCHAR}
  </delete>

  <insert id="insert" parameterType="com.okay.rfid.impl.entity.RfidTellLogEntityImpl">
    insert into rfid_tell_log (ID_, BEACON_ID_, DEVICE_ID_, TIME_,
      OPERATOR_, STATE_)
    values (#{id,jdbcType=VARCHAR}, #{beaconId,jdbcType=VARCHAR}, #{deviceId,jdbcType=VARCHAR}, #{time,jdbcType=TIMESTAMP},
      #{operator,jdbcType=VARCHAR}, #{state,jdbcType=VARCHAR})
  </insert>

  <update id="updateByPrimaryKey" parameterType="com.okay.rfid.impl.entity.RfidTellLogEntityImpl">
    update rfid_tell_log
    set BEACON_ID_ = #{beaconId,jdbcType=VARCHAR},
      DEVICE_ID_ = #{deviceId,jdbcType=VARCHAR},
      TIME_ = #{time,jdbcType=TIMESTAMP},
      OPERATOR_ = #{operator,jdbcType=VARCHAR},
      STATE_ = #{state,jdbcType=VARCHAR}
    where ID_ = #{id,jdbcType=VARCHAR}
  </update>

  <resultMap id="BaseResultMap" type="com.okay.rfid.impl.entity.RfidTellLogEntityImpl">
    <id column="ID_" jdbcType="VARCHAR" property="id" />
    <result column="BEACON_ID_" jdbcType="VARCHAR" property="beaconId" />
    <result column="DEVICE_ID_" jdbcType="VARCHAR" property="deviceId" />
    <result column="TIME_" jdbcType="TIMESTAMP" property="time" />
    <result column="OPERATOR_" jdbcType="VARCHAR" property="operator" />
    <result column="STATE_" jdbcType="VARCHAR" property="state" />
  </resultMap>

  <sql id="Base_Column_List">
    ID_, BEACON_ID_, DEVICE_ID_, TIME_, OPERATOR_, STATE_
  </sql>

  <select id="selectByPrimaryKey" parameterType="java.lang.String" resultMap="BaseResultMap">
    select
    <include refid="Base_Column_List" />
    from rfid_tell_log
    where ID_ = #{id,jdbcType=VARCHAR}
  </select>

</mapper>