<?xml version="1.0" encoding="UTF-8"?>
<!DOCTYPE mapper PUBLIC "-//mybatis.org//DTD Mapper 3.0//EN" "http://mybatis.org/dtd/mybatis-3-mapper.dtd">
<mapper namespace="com.okay.rfid.mapper.RfidBusinessMapperRfid">

  <delete id="deleteByPrimaryKey" parameterType="java.lang.String">
    delete from rfid_business
    where ID_ = #{id,jdbcType=VARCHAR}
  </delete>

  <insert id="insert" parameterType="com.okay.rfid.impl.entity.RfidBusinessEntityImpl">
    insert into rfid_business (ID_, PARENT_ID_, BUSINESS_ID_,
      BUSINESS_TYPE_, BUSINESS_BY_, CREATED_TIME_,
      UPDATED_TIME_, IS_COMPLETE_)
    values (#{id,jdbcType=VARCHAR}, #{parentId,jdbcType=VARCHAR}, #{businessId,jdbcType=VARCHAR},
      #{businessType,jdbcType=VARCHAR}, #{businessBy,jdbcType=VARCHAR}, #{createdTime,jdbcType=TIMESTAMP},
      #{updatedTime,jdbcType=TIMESTAMP}, #{isComplete,jdbcType=BOOLEAN})
  </insert>

  <update id="updateByPrimaryKey" parameterType="com.okay.rfid.impl.entity.RfidBusinessEntityImpl">
    update rfid_business
    set PARENT_ID_ = #{parentId,jdbcType=VARCHAR},
      BUSINESS_ID_ = #{businessId,jdbcType=VARCHAR},
      BUSINESS_TYPE_ = #{businessType,jdbcType=VARCHAR},
      BUSINESS_BY_ = #{businessBy,jdbcType=VARCHAR},
      CREATED_TIME_ = #{createdTime,jdbcType=TIMESTAMP},
      UPDATED_TIME_ = #{updatedTime,jdbcType=TIMESTAMP},
      IS_COMPLETE_ = #{isComplete,jdbcType=BOOLEAN}
    where ID_ = #{id,jdbcType=VARCHAR}
  </update>

  <resultMap id="BaseResultMap" type="com.okay.rfid.impl.entity.RfidBusinessEntityImpl">
    <id column="ID_" jdbcType="VARCHAR" property="id" />
    <result column="PARENT_ID_" jdbcType="VARCHAR" property="parentId" />
    <result column="BUSINESS_ID_" jdbcType="VARCHAR" property="businessId" />
    <result column="BUSINESS_TYPE_" jdbcType="VARCHAR" property="businessType" />
    <result column="BUSINESS_BY_" jdbcType="VARCHAR" property="businessBy" />
    <result column="CREATED_TIME_" jdbcType="TIMESTAMP" property="createdTime" />
    <result column="UPDATED_TIME_" jdbcType="TIMESTAMP" property="updatedTime" />
    <result column="IS_COMPLETE_" jdbcType="BOOLEAN" property="isComplete" />
  </resultMap>

  <sql id="Base_Column_List">
    ID_, PARENT_ID_, BUSINESS_ID_, BUSINESS_TYPE_, BUSINESS_BY_, CREATED_TIME_, UPDATED_TIME_,
    IS_COMPLETE_
  </sql>

  <select id="selectByPrimaryKey" parameterType="java.lang.String" resultMap="BaseResultMap">
    select
    <include refid="Base_Column_List" />
    from rfid_business
    where ID_ = #{id,jdbcType=VARCHAR}
  </select>

</mapper>