<?xml version="1.0" encoding="UTF-8"?>
<!DOCTYPE mapper PUBLIC "-//mybatis.org//DTD Mapper 3.0//EN" "http://mybatis.org/dtd/mybatis-3-mapper.dtd">
<mapper namespace="com.okay.rfid.mapper.RfidTellLogQueryMapper">

  <resultMap id="SelectQueryResultMap" type="com.okay.rfid.impl.query.result.RfidTellLogResultImpl">
    <id column="ID_" jdbcType="VARCHAR" property="id" />
    <result column="BEACON_ID_" jdbcType="VARCHAR" property="beaconId" />
    <result column="DEVICE_ID_" jdbcType="VARCHAR" property="deviceId" />
    <result column="TIME_" jdbcType="TIMESTAMP" property="time" />
    <result column="OPERATOR_" jdbcType="VARCHAR" property="operator" />
    <result column="STATE_" jdbcType="VARCHAR" property="state" />

    <result column="NAME_" jdbcType="VARCHAR" property="name" />
    <result column="RFID_" jdbcType="VARCHAR" property="rfid" />

    <result column="COUNT_ALL_BUSINESS" jdbcType="INTEGER" property="countAllBusiness" />
    <result column="COUNT_BUSINESS" jdbcType="INTEGER" property="countBusiness" />
    <result column="COUNT_ERROR_BUSINESS" jdbcType="INTEGER" property="countErrorBusiness" />
  </resultMap>

  <select id="selectQueryCount" parameterType="com.okay.rfid.impl.query.RfidTellLogQueryImpl" resultType="java.lang.Long">
    select count(*)
    <include refid="SelectQuerySqlTables"></include>
    <include refid="SelectQuerySqlWhere"></include>
  </select>

  <select id="selectQuery" parameterType="com.okay.rfid.impl.query.RfidTellLogQueryImpl" resultMap="SelectQueryResultMap">
    ${limitBefore}
    <include refid="SelectQuerySqlColumns"></include>
    <include refid="SelectQuerySqlTables"></include>
    <include refid="SelectQuerySqlWhere"></include>
    <include refid="SelectQuerySqlOrderBy"></include>
    ${limitAfter}
  </select>

  <sql id="SelectQuerySqlColumns">
    select LOG.ID_ as ID_, LOG.BEACON_ID_ as BEACON_ID_, LOG.DEVICE_ID_ as DEVICE_ID_, LOG.TIME_ as TIME_, LOG.OPERATOR_ as OPERATOR_, LOG.STATE_ as STATE_,
    B.RFID_ as RFID_, INFO.NAME_ as NAME_
    <trim>
        <if test="putCountTellBusiness">
          ,(select count(*) from ${prefix}rfid_tell_business B where B.TELL_LOG_ID_ = LOG.ID_) as COUNT_ALL_BUSINESS
          ,(select count(*) from ${prefix}rfid_tell_business B where B.TELL_LOG_ID_ = LOG.ID_ and B.IS_ERROR_ = 0) as COUNT_BUSINESS
          ,(select count(*) from ${prefix}rfid_tell_business B where B.TELL_LOG_ID_ = LOG.ID_ and B.IS_ERROR_ = 1) as COUNT_ERROR_BUSINESS
        </if>
    </trim>
  </sql>

  <sql id="SelectQuerySqlTables">
    from ${prefix}rfid_tell_log as LOG
      left join ${prefix}rfid_beacon B
        on LOG.BEACON_ID_ = B.ID_
      left join ${prefix}rfid_info INFO
        on B.RFID_ = INFO.RFID_
  </sql>
  
  <sql id="SelectQuerySqlOrderBy">
    <if test="orderBy != null">
      order by
      <if test="orderBy == 'timeDesc'">
        LOG.TIME_ desc
      </if>
    </if>
  </sql>

  <sql id="InOrCondition">
    <choose>
      <when test="queryObject.inOrCondition">
        or
      </when>
      <when test="!queryObject.inOrCondition">
        and
      </when>
    </choose>
  </sql>

  <sql id="LinkOrCondition">
    <choose>
      <when test="queryObject.linkOrCondition">
        or
      </when>
      <when test="!queryObject.linkOrCondition">
        and
      </when>
    </choose>
  </sql>

  <sql id="SelectQuerySqlWhere">
    <where>
      <if test="queryObjects != null">
        <foreach collection="queryObjects" index="qIndex" item="queryObject">
          <trim prefixOverrides="OR||AND">
            <include refid="LinkOrCondition"></include>
          </trim>
          <trim prefix="(" prefixOverrides="OR||AND" suffix=")">

            <if test="queryObject.rfidLike != null">
              <include refid="InOrCondition"></include>
              B.RFID_ like CONCAT("%",#{queryObject.rfidLike,jdbcType=VARCHAR},"%")
            </if>

            <if test="queryObject.rfid != null">
              <include refid="InOrCondition"></include>
              B.RFID_ = #{queryObject.rfid,jdbcType=VARCHAR}
            </if>

            <if test="queryObject.type != null">
              <include refid="InOrCondition"></include>
              B.TYPE_ = #{queryObject.type,jdbcType=VARCHAR}
            </if>

            <if test="queryObject.types != null">
              <include refid="InOrCondition"></include>
              B.TYPE_ in
              <foreach collection="queryObject.types" index="cIndex" item="type" open="(" separator="," close=")">
                #{type,jdbcType=VARCHAR}
              </foreach>
            </if>

            <if test="queryObject.nameLike != null">
              <include refid="InOrCondition"></include>
              INFO.NAME_ like CONCAT("%",#{queryObject.nameLike,jdbcType=VARCHAR},"%")
            </if>

            <if test="queryObject.gteTime != null">
              <include refid="InOrCondition"></include>
              LOG.TIME_ <![CDATA[ >= ]]> #{queryObject.gteTime,jdbcType=TIMESTAMP}
            </if>

            <if test="queryObject.ltTime != null">
              <include refid="InOrCondition"></include>
              LOG.TIME_ <![CDATA[ < ]]> #{queryObject.ltTime,jdbcType=TIMESTAMP}
            </if>

            <if test="queryObject.state != null">
              <include refid="InOrCondition"></include>
              LOG.STATE_ = #{queryObject.state,jdbcType=VARCHAR}
            </if>

            <if test="queryObject.noneState != null">
              <include refid="InOrCondition"></include>
              <if test="queryObject.noneState">
                (LOG.STATE_ is null or LOG.STATE_ = '')
              </if>
              <if test="!queryObject.noneState">
                (LOG.STATE_ not is null and LOG.STATE_ != '')
              </if>
            </if>

          </trim>
        </foreach>
      </if>
    </where>
  </sql>

</mapper>