<?xml version="1.0" encoding="UTF-8"?>
<!DOCTYPE mapper PUBLIC "-//mybatis.org//DTD Mapper 3.0//EN" "http://mybatis.org/dtd/mybatis-3-mapper.dtd">
<mapper namespace="com.okay.rfid.mapper.RfidTellBusinessQueryMapper">

  <resultMap id="SelectQueryResultMap" type="com.okay.rfid.impl.query.result.RfidTellBusinessResultImpl">
    <id column="ID_" jdbcType="VARCHAR" property="id" />
    <result column="TELL_LOG_ID_" jdbcType="VARCHAR" property="tellLogId" />
    <result column="ACCESS_BUSINESS_" jdbcType="VARCHAR" property="accessBusiness" />
    <result column="ACCESS_BUSINESS_ID_" jdbcType="VARCHAR" property="accessBusinessId" />
    <result column="ACCESS_BUSINESS_TYPE_" jdbcType="VARCHAR" property="accessBusinessType" />
    <result column="IS_ERROR_" jdbcType="BOOLEAN" property="isError" />
    <result column="EXCEPTION_TYPE_" jdbcType="VARCHAR" property="exceptionType" />
    <result column="EXCEPTION_MSG_" jdbcType="VARCHAR" property="exceptionMsg" />
    <result column="IS_ASYNC_" jdbcType="BOOLEAN" property="isAsync" />

    <result column="NAME_" jdbcType="VARCHAR" property="name" />
    <result column="RFID_" jdbcType="VARCHAR" property="rfid" />
    <result column="TIME_" jdbcType="VARCHAR" property="time" />
  </resultMap>

  <select id="selectQueryCount" parameterType="com.okay.rfid.impl.query.RfidTellBusinessQueryImpl" resultType="java.lang.Long">
    select count(*)
    <include refid="SelectQuerySqlTables"></include>
    <include refid="SelectQuerySqlWhere"></include>
  </select>

  <select id="selectQuery" parameterType="com.okay.rfid.impl.query.RfidTellBusinessQueryImpl" resultMap="SelectQueryResultMap">
    ${limitBefore}
    <include refid="SelectQuerySqlColumns"></include>
    <include refid="SelectQuerySqlTables"></include>
    <include refid="SelectQuerySqlWhere"></include>
    <include refid="SelectQuerySqlOrderBy"></include>
    ${limitAfter}
  </select>

  <sql id="SelectQuerySqlColumns">
    select TB.ID_ as ID_, TB.TELL_LOG_ID_ as TELL_LOG_ID_, TB.ACCESS_BUSINESS_ as ACCESS_BUSINESS_, TB.ACCESS_BUSINESS_ID_ as ACCESS_BUSINESS_ID_,
    TB.ACCESS_BUSINESS_TYPE_ as ACCESS_BUSINESS_TYPE_,
    TB.IS_ERROR_ as IS_ERROR_, TB.EXCEPTION_TYPE_ as EXCEPTION_TYPE_, TB.EXCEPTION_MSG_ as EXCEPTION_MSG_, TB.IS_ASYNC_ as IS_ASYNC_,
    B.RFID_ as RFID_, LOG.TIME_ as TIME_, INFO.NAME_ as NAME_
  </sql>

  <sql id="SelectQuerySqlTables">
    from ${prefix}rfid_tell_business as TB
      left join ${prefix}rfid_tell_log as LOG
        on TB.TELL_LOG_ID_ = LOG.ID_
      left join ${prefix}rfid_beacon B
        on LOG.BEACON_ID_ = B.ID_
      left join ${prefix}rfid_info INFO
        on B.RFID_ = INFO.RFID_
  </sql>

  <sql id="SelectQuerySqlOrderBy">
    <if test="orderBy != null">
      order by
      <if test="orderBy == 'timeDesc'">
        LOG.TIME_ desc
      </if>
    </if>
  </sql>

  <sql id="InOrCondition">
    <choose>
      <when test="queryObject.inOrCondition">
        or
      </when>
      <when test="!queryObject.inOrCondition">
        and
      </when>
    </choose>
  </sql>

  <sql id="LinkOrCondition">
    <choose>
      <when test="queryObject.linkOrCondition">
        or
      </when>
      <when test="!queryObject.linkOrCondition">
        and
      </when>
    </choose>
  </sql>

  <sql id="SelectQuerySqlWhere">
    <where>
      <if test="queryObjects != null">
        <foreach collection="queryObjects" index="qIndex" item="queryObject">
          <trim prefixOverrides="OR||AND">
            <include refid="LinkOrCondition"></include>
          </trim>
          <trim prefix="(" prefixOverrides="OR||AND" suffix=")">
            <if test="queryObject.nameLike != null">
              <include refid="InOrCondition"></include>
              INFO.NAME_ like CONCAT("%",#{queryObject.nameLike,jdbcType=VARCHAR},"%")
            </if>

            <if test="queryObject.rfidLike != null">
              <include refid="InOrCondition"></include>
              B.RFID_ like CONCAT("%",#{queryObject.rfidLike,jdbcType=VARCHAR},"%")
            </if>

            <if test="queryObject.tellLogId != null">
              <include refid="InOrCondition"></include>
              TB.TELL_LOG_ID_ = #{queryObject.tellLogId,jdbcType=VARCHAR}
            </if>

            <if test="queryObject.type != null">
              <include refid="InOrCondition"></include>
              B.TYPE_ = #{queryObject.type,jdbcType=VARCHAR}
            </if>

            <if test="queryObject.types != null">
              <include refid="InOrCondition"></include>
              B.TYPE_ in
              <foreach collection="queryObject.types" index="cIndex" item="type" open="(" separator="," close=")">
                #{type,jdbcType=VARCHAR}
              </foreach>
            </if>

            <if test="queryObject.gteTime != null">
              <include refid="InOrCondition"></include>
              LOG.TIME_ <![CDATA[ >= ]]> #{queryObject.gteTime,jdbcType=TIMESTAMP}
            </if>

            <if test="queryObject.ltTime != null">
              <include refid="InOrCondition"></include>
              LOG.TIME_ <![CDATA[ < ]]> #{queryObject.ltTime,jdbcType=TIMESTAMP}
            </if>

            <if test="queryObject.accessBusiness != null">
              <include refid="InOrCondition"></include>
              TB.ACCESS_BUSINESS_ = #{queryObject.accessBusiness,jdbcType=VARCHAR}
            </if>

          </trim>
        </foreach>
      </if>
    </where>
  </sql>

</mapper>