<?xml version="1.0" encoding="UTF-8"?>
<!DOCTYPE mapper PUBLIC "-//mybatis.org//DTD Mapper 3.0//EN" "http://mybatis.org/dtd/mybatis-3-mapper.dtd">
<mapper namespace="com.okay.rfid.mapper.RfidAccessMapperRfid">

  <delete id="deleteByPrimaryKey" parameterType="java.lang.String">
    delete from rfid_access
    where ID_ = #{id,jdbcType=VARCHAR}
  </delete>

  <delete id="deleteByRfid" parameterType="java.lang.String">
    delete from rfid_access
    where RFID_ = #{rfid,jdbcType=VARCHAR}
  </delete>

  <insert id="insert" parameterType="com.okay.rfid.impl.entity.RfidAccessEntityImpl">
    insert into rfid_access (ID_, RFID_, ACCESS_BUSINESS_, TYPE_, CREATED_TIME_, CREATED_BY_, BUSINESS_ID_, BUSINESS_TYPE_)
    values (#{id,jdbcType=VARCHAR}, #{rfid,jdbcType=VARCHAR}, #{accessBusiness,jdbcType=VARCHAR}, #{type,jdbcType=VARCHAR}, #{createdTime,jdbcType=TIMESTAMP}, #{createdBy,jdbcType=VARCHAR}, #{businessId,jdbcType=VARCHAR}, #{businessType,jdbcType=VARCHAR})
  </insert>

  <update id="updateByPrimaryKey" parameterType="com.okay.rfid.impl.entity.RfidAccessEntityImpl">
    update rfid_access
    set RFID_ = #{rfid,jdbcType=VARCHAR},
      ACCESS_BUSINESS_ = #{accessBusiness,jdbcType=VARCHAR},
      TYPE_ = #{type,jdbcType=VARCHAR},
      CREATED_TIME_ = #{createdTime,jdbcType=TIMESTAMP},
      CREATED_BY_ = #{createdBy,jdbcType=VARCHAR},
      BUSINESS_ID_ = #{businessId,jdbcType=VARCHAR},
      BUSINESS_TYPE_ = #{businessType,jdbcType=VARCHAR}
    where ID_ = #{id,jdbcType=VARCHAR}
  </update>

  <resultMap id="BaseResultMap" type="com.okay.rfid.impl.entity.RfidAccessEntityImpl">
    <id column="ID_" jdbcType="VARCHAR" property="id" />
    <result column="RFID_" jdbcType="VARCHAR" property="rfid" />
    <result column="ACCESS_BUSINESS_" jdbcType="VARCHAR" property="accessBusiness" />
    <result column="TYPE_" jdbcType="VARCHAR" property="type" />
    <result column="CREATED_TIME_" jdbcType="TIMESTAMP" property="createdTime" />
    <result column="CREATED_BY_" jdbcType="VARCHAR" property="createdBy" />
    <result column="BUSINESS_ID_" jdbcType="VARCHAR" property="businessId" />
    <result column="BUSINESS_TYPE_" jdbcType="VARCHAR" property="businessType" />
  </resultMap>

  <sql id="Base_Column_List">
    ID_, RFID_, ACCESS_BUSINESS_, TYPE_, CREATED_TIME_, CREATED_BY_, BUSINESS_ID_, BUSINESS_TYPE_
  </sql>

  <select id="selectByPrimaryKey" parameterType="java.lang.String" resultMap="BaseResultMap">
    select
    <include refid="Base_Column_List" />
    from rfid_access
    where ID_ = #{id,jdbcType=VARCHAR}
  </select>

  <select id="selectByRfid" parameterType="java.lang.String" resultMap="BaseResultMap">
    select
    <include refid="Base_Column_List" />
    from rfid_access
    where RFID_ = #{rfid,jdbcType=VARCHAR}
  </select>

</mapper>