<?xml version="1.0" encoding="UTF-8"?>
<!DOCTYPE mapper PUBLIC "-//mybatis.org//DTD Mapper 3.0//EN" "http://mybatis.org/dtd/mybatis-3-mapper.dtd">
<mapper namespace="com.okay.rfid.mapper.RfidBeaconQueryMapper">

  <resultMap id="SelectQueryResultMap" type="com.okay.rfid.impl.query.result.RfidBeaconResultImpl">
    <id column="ID_" jdbcType="VARCHAR" property="id" />
    <result column="RFID_" jdbcType="VARCHAR" property="rfid" />
    <result column="TYPE_" jdbcType="VARCHAR" property="type" />
    <result column="DESCRIBE_" jdbcType="VARCHAR" property="describe" />
    <result column="STATE_" property="state" />
    <result column="CREATED_TIME_" jdbcType="TIMESTAMP" property="createdTime" />
    <result column="UPDATED_TIME_" jdbcType="TIMESTAMP" property="updatedTime" />
    <result column="CREATED_BY_" jdbcType="VARCHAR" property="createdBy" />
    <result column="UPDATED_BY_" jdbcType="VARCHAR" property="updatedBy" />

    <result column="NAME_" jdbcType="VARCHAR" property="name" />
  </resultMap>

  <select id="selectQueryCount" parameterType="com.okay.rfid.impl.query.RfidBeaconQueryImpl" resultType="java.lang.Long">
    select count(*)
    <include refid="SelectQuerySqlTables"></include>
    <include refid="SelectQuerySqlWhere"></include>
  </select>

  <select id="selectQuery" parameterType="com.okay.rfid.impl.query.RfidBeaconQueryImpl" resultMap="SelectQueryResultMap">
    ${limitBefore}
    <include refid="SelectQuerySqlColumns"></include>
    <include refid="SelectQuerySqlTables"></include>
    <include refid="SelectQuerySqlWhere"></include>
    <include refid="SelectQuerySqlOrderBy"></include>
    ${limitAfter}
  </select>

  <sql id="SelectQuerySqlColumns">
    select B.ID_ as ID_, B.RFID_ as RFID_, B.TYPE_ as TYPE_, B.DESCRIBE_ as DESCRIBE_, B.STATE_ as STATE_, B.CREATED_TIME_ as CREATED_TIME_,
    B.UPDATED_TIME_ as UPDATED_TIME_, B.CREATED_BY_ as CREATED_BY_, B.UPDATED_BY_ as UPDATED_BY_,
    INFO.NAME_ as NAME_
  </sql>

  <sql id="SelectQuerySqlTables">
    from ${prefix}rfid_beacon as B
      left join ${prefix}rfid_info INFO
        on B.RFID_ = INFO.RFID_
  </sql>

  <sql id="SelectQuerySqlOrderBy">
    <if test="orderBy != null">
      order by
      <if test="orderBy == 'updateTimeDesc'">
        B.UPDATED_TIME_ desc
      </if>
    </if>
  </sql>

  <sql id="InOrCondition">
    <choose>
      <when test="queryObject.inOrCondition">
        or
      </when>
      <when test="!queryObject.inOrCondition">
        and
      </when>
    </choose>
  </sql>

  <sql id="LinkOrCondition">
    <choose>
      <when test="queryObject.linkOrCondition">
        or
      </when>
      <when test="!queryObject.linkOrCondition">
        and
      </when>
    </choose>
  </sql>

  <sql id="SelectQuerySqlWhere">
    <where>
      <if test="queryObjects != null">
        <foreach collection="queryObjects" index="qIndex" item="queryObject">
          <trim prefixOverrides="OR||AND">
            <include refid="LinkOrCondition"></include>
          </trim>
          <trim prefix="(" prefixOverrides="OR||AND" suffix=")">
            <if test="queryObject.nameLike != null">
              <include refid="InOrCondition"></include>
              INFO.NAME_ like CONCAT("%",#{queryObject.nameLike,jdbcType=VARCHAR},"%")
            </if>

            <if test="queryObject.rfidLike != null">
              <include refid="InOrCondition"></include>
              B.RFID_ like CONCAT("%",#{queryObject.rfidLike,jdbcType=VARCHAR},"%")
            </if>

            <if test="queryObject.type != null">
              <include refid="InOrCondition"></include>
              B.TYPE_ = #{queryObject.type,jdbcType=VARCHAR}
            </if>

            <if test="queryObject.types != null">
              <include refid="InOrCondition"></include>
              B.TYPE_ in
              <foreach collection="queryObject.types" index="cIndex" item="type" open="(" separator="," close=")">
                #{type,jdbcType=VARCHAR}
              </foreach>
            </if>

            <if test="queryObject.state != null">
              <include refid="InOrCondition"></include>
              B.STATE_ = #{queryObject.state,jdbcType=VARCHAR}
            </if>

            <if test="queryObject.noneState != null">
              <include refid="InOrCondition"></include>
              <if test="queryObject.noneState">
                (B.STATE_ is null or B.STATE_ = '')
              </if>
              <if test="!queryObject.noneState">
                (B.STATE_ not is null and B.STATE_ != '')
              </if>
            </if>

            <if test="queryObject.gteUpdateTime != null">
              <include refid="InOrCondition"></include>
              B.UPDATED_TIME_ <![CDATA[ >= ]]> #{queryObject.gteUpdateTime,jdbcType=TIMESTAMP}
            </if>

            <if test="queryObject.ltUpdateTime != null">
              <include refid="InOrCondition"></include>
              B.UPDATED_TIME_ <![CDATA[ < ]]> #{queryObject.ltUpdateTime,jdbcType=TIMESTAMP}
            </if>
          </trim>
        </foreach>
      </if>
    </where>
  </sql>

</mapper>