<?xml version="1.0" encoding="UTF-8"?>
<!DOCTYPE mapper PUBLIC "-//mybatis.org//DTD Mapper 3.0//EN" "http://mybatis.org/dtd/mybatis-3-mapper.dtd">
<mapper namespace="com.okay.rfid.mapper.RfidInfoMapperRfid">

  <delete id="deleteByPrimaryKey" parameterType="java.lang.String">
    delete from rfid_info
    where ID_ = #{id,jdbcType=VARCHAR}
  </delete>

  <insert id="insert" parameterType="com.okay.rfid.impl.entity.RfidInfoEntityImpl">
    insert into rfid_info (ID_, NAME_, RFID_, TYPE_,
      DESCRIBE_, BUSINESS_ID_, BUSINESS_TYPE_, 
      CREATED_TIME_, CREATED_BY_, LAST_UPDATED_TIME_, 
      LAST_UPDATED_BY_, IS_DELETE_)
    values (#{id,jdbcType=VARCHAR}, #{name,jdbcType=VARCHAR}, #{rfid,jdbcType=VARCHAR}, #{type,jdbcType=VARCHAR},
      #{describe,jdbcType=VARCHAR}, #{businessId,jdbcType=VARCHAR}, #{businessType,jdbcType=VARCHAR}, 
      #{createdTime,jdbcType=TIMESTAMP}, #{createdBy,jdbcType=VARCHAR}, #{lastUpdatedTime,jdbcType=TIMESTAMP}, 
      #{lastUpdatedBy,jdbcType=VARCHAR}, #{isDelete,jdbcType=BOOLEAN})
  </insert>

  <update id="updateByPrimaryKey" parameterType="com.okay.rfid.impl.entity.RfidInfoEntityImpl">
    update rfid_info
    set NAME_ = #{name,jdbcType=VARCHAR},
      RFID_ = #{rfid,jdbcType=VARCHAR},
      TYPE_ = #{type,jdbcType=VARCHAR},
      DESCRIBE_ = #{describe,jdbcType=VARCHAR},
      BUSINESS_ID_ = #{businessId,jdbcType=VARCHAR},
      BUSINESS_TYPE_ = #{businessType,jdbcType=VARCHAR},
      CREATED_TIME_ = #{createdTime,jdbcType=TIMESTAMP},
      CREATED_BY_ = #{createdBy,jdbcType=VARCHAR},
      LAST_UPDATED_TIME_ = #{lastUpdatedTime,jdbcType=TIMESTAMP},
      LAST_UPDATED_BY_ = #{lastUpdatedBy,jdbcType=VARCHAR},
      IS_DELETE_ = #{isDelete,jdbcType=BOOLEAN}
    where ID_ = #{id,jdbcType=VARCHAR}
  </update>

  <resultMap id="BaseResultMap" type="com.okay.rfid.impl.entity.RfidInfoEntityImpl">
    <id column="ID_" jdbcType="VARCHAR" property="id" />
    <result column="NAME_" jdbcType="VARCHAR" property="name" />
    <result column="RFID_" jdbcType="VARCHAR" property="rfid" />
    <result column="TYPE_" jdbcType="VARCHAR" property="type" />
    <result column="DESCRIBE_" jdbcType="VARCHAR" property="describe" />
    <result column="BUSINESS_ID_" jdbcType="VARCHAR" property="businessId" />
    <result column="BUSINESS_TYPE_" jdbcType="VARCHAR" property="businessType" />
    <result column="CREATED_TIME_" jdbcType="TIMESTAMP" property="createdTime" />
    <result column="CREATED_BY_" jdbcType="VARCHAR" property="createdBy" />
    <result column="LAST_UPDATED_TIME_" jdbcType="TIMESTAMP" property="lastUpdatedTime" />
    <result column="LAST_UPDATED_BY_" jdbcType="VARCHAR" property="lastUpdatedBy" />
    <result column="IS_DELETE_" jdbcType="BOOLEAN" property="isDelete" />
  </resultMap>

  <sql id="Base_Column_List">
    ID_, NAME_, RFID_, TYPE_, DESCRIBE_, BUSINESS_ID_, BUSINESS_TYPE_, CREATED_TIME_,
    CREATED_BY_, LAST_UPDATED_TIME_, LAST_UPDATED_BY_, IS_DELETE_
  </sql>

  <select id="selectByPrimaryKey" parameterType="java.lang.String" resultMap="BaseResultMap">
    select
    <include refid="Base_Column_List" />
    from rfid_info
    where ID_ = #{id,jdbcType=VARCHAR}
  </select>

  <select id="selectByRfid" parameterType="java.lang.String" resultMap="BaseResultMap">
    select
    <include refid="Base_Column_List" />
    from rfid_info
    where RFID_ = #{rfid,jdbcType=VARCHAR}
  </select>

  <select id="selectByRfidAndIgnoreDelete" parameterType="java.lang.String" resultMap="BaseResultMap">
    select
    <include refid="Base_Column_List" />
    from rfid_info
    where IS_DELETE_ == 0 and RFID_ = #{rfid,jdbcType=VARCHAR}
  </select>

</mapper>